{
  "endpointAddress" : "https://3.7.249.68/classify",
  "method" : "POST",
  "headers" : { },
  "redirectEnabled" : true,
  "requestBody" : "",
  "queryParams" : { },
  "authDetails" : null,
  "contentType" : "multipart/form-data",
  "multiParamInfoList" : [ {
    "type" : "STRING",
    "name" : "document_id",
    "list" : false,
    "testValue" : "520ba11e6d91090640ce828310aec34bd3b6fafb",
    "contentType" : null
  }, {
    "type" : "FILE",
    "name" : "file",
    "list" : true,
    "testValue" : null,
    "contentType" : null
  } ],
  "sampleHttpResponseDetails" : {
    "statusCode" : 200,
    "headers" : {
      "Server" : [ "nginx/1.18.0 (Ubuntu)" ],
      "Date" : [ "Wed, 22 Dec 2021 06:14:25 GMT" ],
      "Content-Type" : [ "application/json" ],
      "Content-Length" : [ "51558" ],
      "Connection" : [ "keep-alive" ]
    },
    "responseBody" : "{\"result\":{\"df\":\"[{\\\"Section\\\":\\\"CONDITIONS PRECEDENT\\\",\\\"Page Number\\\":25,\\\"Clause No.\\\":0,\\\"Clause\\\":\\\"of such revocation to the Facility Agent the other Rupee Lenders (which notice shall specify in reasonable detail the basis for such revocation and shall have attached thereto copies of relevant documentation supporting such revocation).\\\",\\\"Tag 1: Applicability\\\":null,\\\"Tag 2: Area\\\":null,\\\"Tag 3: Covenant Type\\\":null,\\\"Tag 4: Covenant Title\\\":null,\\\"Tag 5: Covenant Description\\\":null,\\\"Compliance Frequency\\\":null,\\\"Trigger Type\\\":null,\\\"First Trigger Date\\\":null,\\\"Submission PeriodEnd Date\\\":null,\\\"Threshold\\\":null,\\\"Submission Period\\\":null,\\\"End Date\\\":null},{\\\"Section\\\":\\\"CONDITIONS PRECEDENT\\\",\\\"Page Number\\\":25,\\\"Clause No.\\\":0,\\\"Clause\\\":\\\" Upon the occurrence of any of the foregoing such Drawstop Notice shall be treated as being revoked and the Facility Agent shall promptly notify the Borrower and the Rupee Lenders thereof whereupon the applicable Rupee Lenders shall make the requested Drawdowns as soon as practicable thereafter (and in any event no later than 5 (five) Business Days thereafter).\\\",\\\"Tag 1: Applicability\\\":null,\\\"Tag 2: Area\\\":null,\\\"Tag 3: Covenant Type\\\":null,\\\"Tag 4: Covenant Title\\\":null,\\\"Tag 5: Covenant Description\\\":null,\\\"Compliance Frequency\\\":null,\\\"Trigger Type\\\":null,\\\"First Trigger Date\\\":null,\\\"Submission PeriodEnd Date\\\":null,\\\"Threshold\\\":null,\\\"Submission Period\\\":null,\\\"End Date\\\":null},{\\\"Section\\\":\\\"CONDITIONS PRECEDENT\\\",\\\"Page Number\\\":25,\\\"Clause No.\\\":0,\\\"Clause\\\":\\\" So long as no Drawstop Notice is in effect the failure of any Rupee Lender to make a Drawdown shall not relieve any other Rupee Lender of its obligation hereunder (provided no Event of Default or Potential Event of Default has occurred) to make any requested Drawdown under the Facility but no Rupee Lender shall be responsible for the failure of any other Rupee Lender to make any Drawdown or any portion thereof.\\\",\\\"Tag 1: Applicability\\\":null,\\\"Tag 2: Area\\\":null,\\\"Tag 3: Covenant Type\\\":null,\\\"Tag 4: Covenant Title\\\":null,\\\"Tag 5: Covenant Description\\\":null,\\\"Compliance Frequency\\\":null,\\\"Trigger Type\\\":null,\\\"First Trigger Date\\\":null,\\\"Submission PeriodEnd Date\\\":null,\\\"Threshold\\\":null,\\\"Submission Period\\\":null,\\\"End Date\\\":null},{\\\"Section\\\":\\\"CONDITIONS PRECEDENT\\\",\\\"Page Number\\\":25,\\\"Clause No.\\\":0,\\\"Clause\\\":\\\"The Facility Agent and the Rupee Lenders shall be entitled (but not obliged) to rely and act upon any Drawdown Notice and any documentation or information provided in connection with a Drawdown Notice which appears on its face to have been duly completed genuine and properly signed by the Authorized Person of the Borrower notwithstanding that such Drawdown Notice documentation or information later on proves to be not genuine not properly signed or otherwise incorrect in any respect.\\\",\\\"Tag 1: Applicability\\\":null,\\\"Tag 2: Area\\\":null,\\\"Tag 3: Covenant Type\\\":null,\\\"Tag 4: Covenant Title\\\":null,\\\"Tag 5: Covenant Description\\\":null,\\\"Compliance Frequency\\\":null,\\\"Trigger Type\\\":null,\\\"First Trigger Date\\\":null,\\\"Submission PeriodEnd Date\\\":null,\\\"Threshold\\\":null,\\\"Submission Period\\\":null,\\\"End Date\\\":null},{\\\"Section\\\":\\\"CONDITIONS PRECEDENT\\\",\\\"Page Number\\\":25,\\\"Clause No.\\\":0,\\\"Clause\\\":\\\"The obligation of the Rupee Lenders to make available their respective Advances: (i) in respect of the first Drawdown under this Agreement (\\\\u201cFirst Drawdown\\\\u201d) for the Project shall be subject to the fulfillment (or waiver) of all the conditions set forth in Clauses 4.2 to 4.6 hereto (to the extent applicable) to the satisfaction of the Rupee Lenders.\\\",\\\"Tag 1: Applicability\\\":null,\\\"Tag 2: Area\\\":null,\\\"Tag 3: Covenant Type\\\":null,\\\"Tag 4: Covenant Title\\\":null,\\\"Tag 5: Covenant Description\\\":null,\\\"Compliance Frequency\\\":null,\\\"Trigger Type\\\":null,\\\"First Trigger Date\\\":null,\\\"Submission PeriodEnd Date\\\":null,\\\"Threshold\\\":null,\\\"Submission Period\\\":null,\\\"End Date\\\":null},{\\\"Section\\\":\\\"CONDITIONS PRECEDENT\\\",\\\"Page Number\\\":25,\\\"Clause No.\\\":0,\\\"Clause\\\":\\\" Receipt of a certified true copy of the resolution of the Board in a format acceptable to the Rupee Lenders accepting the Facility and authorizing the authorized officers to dea! with the Rupee Lenders the Facility Agent and the Security Agent in connection with the same including execution of the necessary documents including the Financing Documents.\\\",\\\"Tag 1: Applicability\\\":null,\\\"Tag 2: Area\\\":null,\\\"Tag 3: Covenant Type\\\":null,\\\"Tag 4: Covenant Title\\\":null,\\\"Tag 5: Covenant Description\\\":null,\\\"Compliance Frequency\\\":null,\\\"Trigger Type\\\":null,\\\"First Trigger Date\\\":null,\\\"Submission PeriodEnd Date\\\":null,\\\"Threshold\\\":null,\\\"Submission Period\\\":null,\\\"End Date\\\":null},{\\\"Section\\\":\\\"CONDITIONS PRECEDENT\\\",\\\"Page Number\\\":25,\\\"Clause No.\\\":0,\\\"Clause\\\":\\\" Execution of the Financing Documents under the common seal of the Parties on adequate stamp paper.\\\",\\\"Tag 1: Applicability\\\":null,\\\"Tag 2: Area\\\":null,\\\"Tag 3: Covenant Type\\\":null,\\\"Tag 4: Covenant Title\\\":null,\\\"Tag 5: Covenant Description\\\":null,\\\"Compliance Frequency\\\":null,\\\"Trigger Type\\\":null,\\\"First Trigger Date\\\":null,\\\"Submission PeriodEnd Date\\\":null,\\\"Threshold\\\":null,\\\"Submission Period\\\":null,\\\"End Date\\\":null},{\\\"Section\\\":\\\"CONDITIONS PRECEDENT\\\",\\\"Page Number\\\":25,\\\"Clause No.\\\":0,\\\"Clause\\\":\\\" Receipt of a certified true copy of the board resolution of each of the Major Shareholders authorizing the pledging of the shares of the Borrower under the\\\",\\\"Tag 1: Applicability\\\":null,\\\"Tag 2: Area\\\":null,\\\"Tag 3: Covenant Type\\\":null,\\\"Tag 4: Covenant Title\\\":null,\\\"Tag 5: Covenant Description\\\":null,\\\"Compliance Frequency\\\":null,\\\"Trigger Type\\\":null,\\\"First Trigger Date\\\":null,\\\"Submission PeriodEnd Date\\\":null,\\\"Threshold\\\":null,\\\"Submission Period\\\":null,\\\"End Date\\\":null},{\\\"Section\\\":\\\"CONDITIONS PRECEDENT\\\",\\\"Page Number\\\":25,\\\"Clause No.\\\":0,\\\"Clause\\\":\\\"Pledge Agreements and for execution and performance of the Non Disposal grtakings and the other Financing Documents to which {hey are a party\\\",\\\"Tag 1: Applicability\\\":null,\\\"Tag 2: Area\\\":null,\\\"Tag 3: Covenant Type\\\":null,\\\"Tag 4: Covenant Title\\\":null,\\\"Tag 5: Covenant Description\\\":null,\\\"Compliance Frequency\\\":null,\\\"Trigger Type\\\":null,\\\"First Trigger Date\\\":null,\\\"Submission PeriodEnd Date\\\":null,\\\"Threshold\\\":null,\\\"Submission Period\\\":null,\\\"End Date\\\":null},{\\\"Section\\\":\\\"CONDITIONS PRECEDENT\\\",\\\"Page Number\\\":26,\\\"Clause No.\\\":0,\\\"Clause\\\":\\\"to authorizing particular Persons as \\\\u201cAuthorised Persons\\\\u201d to deal with the Secured Parties in connection with it and execute incidental documents in connection with the same.\\\",\\\"Tag 1: Applicability\\\":null,\\\"Tag 2: Area\\\":null,\\\"Tag 3: Covenant Type\\\":null,\\\"Tag 4: Covenant Title\\\":null,\\\"Tag 5: Covenant Description\\\":null,\\\"Compliance Frequency\\\":null,\\\"Trigger Type\\\":null,\\\"First Trigger Date\\\":null,\\\"Submission PeriodEnd Date\\\":null,\\\"Threshold\\\":null,\\\"Submission Period\\\":null,\\\"End Date\\\":null},{\\\"Section\\\":\\\"CONDITIONS PRECEDENT\\\",\\\"Page Number\\\":26,\\\"Clause No.\\\":0,\\\"Clause\\\":\\\"Receipt by the Company of all approvals and filings (statutory or non- statutory) permissions waivers consents confirmations or corporate authorizations required in connection with commencement and implementation of the Project (including the Service Agreement) and delivery of certified true copies of all approvals and filings (statutory or non- Statutory) permissions waivers consents confirmations or corporate authorizations required in connection with commencement \\\\u2014 and implementation of the Project to the Facility Agent .\\\",\\\"Tag 1: Applicability\\\":null,\\\"Tag 2: Area\\\":null,\\\"Tag 3: Covenant Type\\\":null,\\\"Tag 4: Covenant Title\\\":null,\\\"Tag 5: Covenant Description\\\":null,\\\"Compliance Frequency\\\":null,\\\"Trigger Type\\\":null,\\\"First Trigger Date\\\":null,\\\"Submission PeriodEnd Date\\\":null,\\\"Threshold\\\":null,\\\"Submission Period\\\":null,\\\"End Date\\\":null},{\\\"Section\\\":\\\"CONDITIONS PRECEDENT\\\",\\\"Page Number\\\":26,\\\"Clause No.\\\":0,\\\"Clause\\\":\\\"Receipt of a certificate from an architect confirming the Estimated Project Costs and delivery of the same to the Facility Agent.\\\",\\\"Tag 1: Applicability\\\":null,\\\"Tag 2: Area\\\":null,\\\"Tag 3: Covenant Type\\\":null,\\\"Tag 4: Covenant Title\\\":null,\\\"Tag 5: Covenant Description\\\":null,\\\"Compliance Frequency\\\":null,\\\"Trigger Type\\\":null,\\\"First Trigger Date\\\":null,\\\"Submission PeriodEnd Date\\\":null,\\\"Threshold\\\":null,\\\"Submission Period\\\":null,\\\"End Date\\\":null},{\\\"Section\\\":\\\"CONDITIONS PRECEDENT\\\",\\\"Page Number\\\":26,\\\"Clause No.\\\":0,\\\"Clause\\\":\\\"Delivery of a cconfirmation from the I Department \\\\/ certificate from a Chartered Accountant under Section 281 of the IT Act stating that there are no Legal Proceedings pending under the 1T Act pertaining to the moveable fixed assets and the immoveable fixed assets of the Borrower and hence consent of the assessing officer of the IT Department is not required for creation of charge in favour of the Rupee Lenders\\\\/their agents\\\",\\\"Tag 1: Applicability\\\":null,\\\"Tag 2: Area\\\":null,\\\"Tag 3: Covenant Type\\\":null,\\\"Tag 4: Covenant Title\\\":null,\\\"Tag 5: Covenant Description\\\":null,\\\"Compliance Frequency\\\":null,\\\"Trigger Type\\\":null,\\\"First Trigger Date\\\":null,\\\"Submission PeriodEnd Date\\\":null,\\\"Threshold\\\":null,\\\"Submission Period\\\":null,\\\"End Date\\\":null},{\\\"Section\\\":\\\"CONDITIONS PRECEDENT\\\",\\\"Page Number\\\":26,\\\"Clause No.\\\":0,\\\"Clause\\\":\\\"Receipt of certificate signed by the Chartered Accountants and Authorized Person of the Borrower confirming that Section 293 of the Companies Act is not applicable to the Borrower and hence no resolutions shall be required under Section 293 of the Companies Act including Section 293 (1) (a) and 293(1) (d) of the Companies Act for the purpose of the transactions contemplated under the Financing Documents.\\\",\\\"Tag 1: Applicability\\\":null,\\\"Tag 2: Area\\\":null,\\\"Tag 3: Covenant Type\\\":null,\\\"Tag 4: Covenant Title\\\":null,\\\"Tag 5: Covenant Description\\\":null,\\\"Compliance Frequency\\\":null,\\\"Trigger Type\\\":null,\\\"First Trigger Date\\\":null,\\\"Submission PeriodEnd Date\\\":null,\\\"Threshold\\\":null,\\\"Submission Period\\\":null,\\\"End Date\\\":null},{\\\"Section\\\":\\\"CONDITIONS PRECEDENT\\\",\\\"Page Number\\\":26,\\\"Clause No.\\\":0,\\\"Clause\\\":\\\"Receipt of a certified true copy of each of the then prevailing Memorandum of Association and Articles of Association of the Borrower and the Major Shareholders enabling the transactions contemplated under the Financing Documents.\\\",\\\"Tag 1: Applicability\\\":null,\\\"Tag 2: Area\\\":null,\\\"Tag 3: Covenant Type\\\":null,\\\"Tag 4: Covenant Title\\\":null,\\\"Tag 5: Covenant Description\\\":null,\\\"Compliance Frequency\\\":null,\\\"Trigger Type\\\":null,\\\"First Trigger Date\\\":null,\\\"Submission PeriodEnd Date\\\":null,\\\"Threshold\\\":null,\\\"Submission Period\\\":null,\\\"End Date\\\":null},{\\\"Section\\\":\\\"CONDITIONS PRECEDENT\\\",\\\"Page Number\\\":26,\\\"Clause No.\\\":0,\\\"Clause\\\":\\\"Completion and delivery of the valuation report and title search report in relation to the immovable fixed assets of the Project present and future to be mortgaged in favour of the Security Agent acting for the benefit of the Secured Parties within 15 (Fifteen) days trom Initial Drawdown Date confirming that the security cover of 1.5 times of the Facility Amount willbe maintained.\\\",\\\"Tag 1: Applicability\\\":null,\\\"Tag 2: Area\\\":null,\\\"Tag 3: Covenant Type\\\":null,\\\"Tag 4: Covenant Title\\\":null,\\\"Tag 5: Covenant Description\\\":null,\\\"Compliance Frequency\\\":null,\\\"Trigger Type\\\":null,\\\"First Trigger Date\\\":null,\\\"Submission PeriodEnd Date\\\":null,\\\"Threshold\\\":null,\\\"Submission Period\\\":null,\\\"End Date\\\":null},{\\\"Section\\\":\\\"CONDITIONS PRECEDENT\\\",\\\"Page Number\\\":26,\\\"Clause No.\\\":0,\\\"Clause\\\":\\\"Delivery of the title deeds relating to the immovable properties of the Project to the Secured Parties and the execution of the Memorandum of Entry recording the deposit of title deeds in relation to the immovable properties of the Project on adequate stamp paper within 15 (Fifteen) days from Initial Drawdown Date in a form and manner acceptable to the Secured Parties:\\\",\\\"Tag 1: Applicability\\\":null,\\\"Tag 2: Area\\\":null,\\\"Tag 3: Covenant Type\\\":null,\\\"Tag 4: Covenant Title\\\":null,\\\"Tag 5: Covenant Description\\\":null,\\\"Compliance Frequency\\\":null,\\\"Trigger Type\\\":null,\\\"First Trigger Date\\\":null,\\\"Submission PeriodEnd Date\\\":null,\\\"Threshold\\\":null,\\\"Submission Period\\\":null,\\\"End Date\\\":null},{\\\"Section\\\":\\\"CONDITIONS PRECEDENT\\\",\\\"Page Number\\\":27,\\\"Clause No.\\\":0,\\\"Clause\\\":\\\"Execution of the following Financing Documents under the common seal of the Borrower and\\\\/or the Major Shareholders (to the extent applicable) on adequate stamp paper:\\\",\\\"Tag 1: Applicability\\\":null,\\\"Tag 2: Area\\\":null,\\\"Tag 3: Covenant Type\\\":null,\\\"Tag 4: Covenant Title\\\":null,\\\"Tag 5: Covenant Description\\\":null,\\\"Compliance Frequency\\\":null,\\\"Trigger Type\\\":null,\\\"First Trigger Date\\\":null,\\\"Submission PeriodEnd Date\\\":null,\\\"Threshold\\\":null,\\\"Submission Period\\\":null,\\\"End Date\\\":null},{\\\"Section\\\":\\\"CONDITIONS PRECEDENT\\\",\\\"Page Number\\\":27,\\\"Clause No.\\\":0,\\\"Clause\\\":\\\"a A notarized Director Declaration within 15 (Fifteen) days from Initial Drawdown Date in favour of the Security Agent acting for the benefit of the Secured Parties;\\\",\\\"Tag 1: Applicability\\\":null,\\\"Tag 2: Area\\\":null,\\\"Tag 3: Covenant Type\\\":null,\\\"Tag 4: Covenant Title\\\":null,\\\"Tag 5: Covenant Description\\\":null,\\\"Compliance Frequency\\\":null,\\\"Trigger Type\\\":null,\\\"First Trigger Date\\\":null,\\\"Submission PeriodEnd Date\\\":null,\\\"Threshold\\\":null,\\\"Submission Period\\\":null,\\\"End Date\\\":null},{\\\"Section\\\":\\\"CONDITIONS PRECEDENT\\\",\\\"Page Number\\\":27,\\\"Clause No.\\\":0,\\\"Clause\\\":\\\"The Borrower shall have executed the Hotel Management Agreement with Mariott within | (One) year from September 15 2011 and a certified true copy of the same shall have been delivered to the Facility Agent.\\\",\\\"Tag 1: Applicability\\\":null,\\\"Tag 2: Area\\\":null,\\\"Tag 3: Covenant Type\\\":null,\\\"Tag 4: Covenant Title\\\":null,\\\"Tag 5: Covenant Description\\\":null,\\\"Compliance Frequency\\\":null,\\\"Trigger Type\\\":null,\\\"First Trigger Date\\\":null,\\\"Submission PeriodEnd Date\\\":null,\\\"Threshold\\\":null,\\\"Submission Period\\\":null,\\\"End Date\\\":null},{\\\"Section\\\":\\\"CONDITIONS PRECEDENT\\\",\\\"Page Number\\\":27,\\\"Clause No.\\\":0,\\\"Clause\\\":\\\"Within 15 (Fifteen) days from the Initial Drawdown Date filing and receipt by the Facility Agent of a certified true copy of Form 8 filed with the Registrar of Companies West Bengal for registration of first charge on:\\\",\\\"Tag 1: Applicability\\\":null,\\\"Tag 2: Area\\\":null,\\\"Tag 3: Covenant Type\\\":null,\\\"Tag 4: Covenant Title\\\":null,\\\"Tag 5: Covenant Description\\\":null,\\\"Compliance Frequency\\\":null,\\\"Trigger Type\\\":null,\\\"First Trigger Date\\\":null,\\\"Submission PeriodEnd Date\\\":null,\\\"Threshold\\\":null,\\\"Submission Period\\\":null,\\\"End Date\\\":null},{\\\"Section\\\":\\\"CONDITIONS PRECEDENT\\\",\\\"Page Number\\\":27,\\\"Clause No.\\\":0,\\\"Clause\\\":\\\"Within 15 (Fifteen) days from the Initial Drawdown Date filing and receipt by the Facility Agent of a certified true copy of Form 8 filed with the Registrar of Companies West Bengal for registration of first charge on:(a) current assets and movable fixed assets pertaining to the Project present and future within 15 (Fifteen) days from Initial Drawdown Date in accordance with the terms of the Financing Documents; and\\\",\\\"Tag 1: Applicability\\\":null,\\\"Tag 2: Area\\\":null,\\\"Tag 3: Covenant Type\\\":null,\\\"Tag 4: Covenant Title\\\":null,\\\"Tag 5: Covenant Description\\\":null,\\\"Compliance Frequency\\\":null,\\\"Trigger Type\\\":null,\\\"First Trigger Date\\\":null,\\\"Submission PeriodEnd Date\\\":null,\\\"Threshold\\\":null,\\\"Submission Period\\\":null,\\\"End Date\\\":null},{\\\"Section\\\":\\\"CONDITIONS PRECEDENT\\\",\\\"Page Number\\\":27,\\\"Clause No.\\\":0,\\\"Clause\\\":\\\"Within 15 (Fifteen) days from the Initial Drawdown Date filing and receipt by the Facility Agent of a certified true copy of Form 8 filed with the Registrar of Companies West Bengal for registration of first charge on:(b) on immoveable fixed assets pertaining to the Project present and future within 15 (Fifteen) days from Initial Drawdown Date\\\",\\\"Tag 1: Applicability\\\":null,\\\"Tag 2: Area\\\":null,\\\"Tag 3: Covenant Type\\\":null,\\\"Tag 4: Covenant Title\\\":null,\\\"Tag 5: Covenant Description\\\":null,\\\"Compliance Frequency\\\":null,\\\"Trigger Type\\\":null,\\\"First Trigger Date\\\":null,\\\"Submission PeriodEnd Date\\\":null,\\\"Threshold\\\":null,\\\"Submission Period\\\":null,\\\"End Date\\\":null},{\\\"Section\\\":\\\"CONDITIONS PRECEDENT\\\",\\\"Page Number\\\":27,\\\"Clause No.\\\":0,\\\"Clause\\\":\\\"Receipt by the Security Agent of a certified true copy of the pledge request forms submitted by the Major Shareholders to their respective depository participants for pledging shares of the Borrower as acknowledged by the relevant depository participant within 30 (Thirty) days of the Initial Drawdown Date.\\\",\\\"Tag 1: Applicability\\\":null,\\\"Tag 2: Area\\\":null,\\\"Tag 3: Covenant Type\\\":null,\\\"Tag 4: Covenant Title\\\":null,\\\"Tag 5: Covenant Description\\\":null,\\\"Compliance Frequency\\\":null,\\\"Trigger Type\\\":null,\\\"First Trigger Date\\\":null,\\\"Submission PeriodEnd Date\\\":null,\\\"Threshold\\\":null,\\\"Submission Period\\\":null,\\\"End Date\\\":null},{\\\"Section\\\":\\\"CONDITIONS PRECEDENT\\\",\\\"Page Number\\\":27,\\\"Clause No.\\\":0,\\\"Clause\\\":\\\"Receipt by the Facility Agent of a certified true copy of the resolution of the shareholders of the Borrower and the Major Shareholders under Section 372 A of the Companies Act within 45 (Forty Five) Days of the Initial Drawdown Date;\\\",\\\"Tag 1: Applicability\\\":null,\\\"Tag 2: Area\\\":null,\\\"Tag 3: Covenant Type\\\":null,\\\"Tag 4: Covenant Title\\\":null,\\\"Tag 5: Covenant Description\\\":null,\\\"Compliance Frequency\\\":null,\\\"Trigger Type\\\":null,\\\"First Trigger Date\\\":null,\\\"Submission PeriodEnd Date\\\":null,\\\"Threshold\\\":null,\\\"Submission Period\\\":null,\\\"End Date\\\":null},{\\\"Section\\\":\\\"CONDITIONS PRECEDENT\\\",\\\"Page Number\\\":27,\\\"Clause No.\\\":0,\\\"Clause\\\":\\\"Receipt by the Facility Agent of a certificate from a Chartered Accountant certifying that total guarantees \\\\/ Securities issued by the Borrower and\\\\/or the Major Shareholders is within the limits specified under Section 372 A of the Companies Act within 45 (Forty Five) Days of the Initial Drawdown Date\\\",\\\"Tag 1: Applicability\\\":null,\\\"Tag 2: Area\\\":null,\\\"Tag 3: Covenant Type\\\":null,\\\"Tag 4: Covenant Title\\\":null,\\\"Tag 5: Covenant Description\\\":null,\\\"Compliance Frequency\\\":null,\\\"Trigger Type\\\":null,\\\"First Trigger Date\\\":null,\\\"Submission PeriodEnd Date\\\":null,\\\"Threshold\\\":null,\\\"Submission Period\\\":null,\\\"End Date\\\":null},{\\\"Section\\\":\\\"CONDITIONS PRECEDENT\\\",\\\"Page Number\\\":27,\\\"Clause No.\\\":0,\\\"Clause\\\":\\\"Appointment of the Rupee Lender\\\\u2019s Engineer and the Rupee Lenders\\\\u2019 Engineer shall certify the Project progress report and the successful operations afler commissioning of the Project in a form acceptable to the Lenders.\\\",\\\"Tag 1: Applicability\\\":null,\\\"Tag 2: Area\\\":null,\\\"Tag 3: Covenant Type\\\":null,\\\"Tag 4: Covenant Title\\\":null,\\\"Tag 5: Covenant Description\\\":null,\\\"Compliance Frequency\\\":null,\\\"Trigger Type\\\":null,\\\"First Trigger Date\\\":null,\\\"Submission PeriodEnd Date\\\":null,\\\"Threshold\\\":null,\\\"Submission Period\\\":null,\\\"End Date\\\":null},{\\\"Section\\\":\\\"CONDITIONS PRECEDENT\\\",\\\"Page Number\\\":28,\\\"Clause No.\\\":0,\\\"Clause\\\":\\\"The obligation of the Rupee Lenders to make available their respective Drawdown obligations pursuant to this Agreement shal! become effective upon the Borrower fulfitling to the satisfaction of the Rupee Lenders (unless any waiver is granted by the Rupee Lenders) all of the following conditions:\\\",\\\"Tag 1: Applicability\\\":null,\\\"Tag 2: Area\\\":null,\\\"Tag 3: Covenant Type\\\":null,\\\"Tag 4: Covenant Title\\\":null,\\\"Tag 5: Covenant Description\\\":null,\\\"Compliance Frequency\\\":null,\\\"Trigger Type\\\":null,\\\"First Trigger Date\\\":null,\\\"Submission PeriodEnd Date\\\":null,\\\"Threshold\\\":null,\\\"Submission Period\\\":null,\\\"End Date\\\":null},{\\\"Section\\\":\\\"CONDITIONS PRECEDENT\\\",\\\"Page Number\\\":28,\\\"Clause No.\\\":0,\\\"Clause\\\":\\\" Receipt of a certified true copy of an undertaking from the Company under its common seal confirming that the Company has not redeemed any equity shares preference shares unsecured loans debentures and not made any payments restricted under the Project Documents during the term of the Facility without the prior written consent of the Secured Parties.\\\",\\\"Tag 1: Applicability\\\":null,\\\"Tag 2: Area\\\":null,\\\"Tag 3: Covenant Type\\\":null,\\\"Tag 4: Covenant Title\\\":null,\\\"Tag 5: Covenant Description\\\":null,\\\"Compliance Frequency\\\":null,\\\"Trigger Type\\\":null,\\\"First Trigger Date\\\":null,\\\"Submission PeriodEnd Date\\\":null,\\\"Threshold\\\":null,\\\"Submission Period\\\":null,\\\"End Date\\\":null},{\\\"Section\\\":\\\"CONDITIONS PRECEDENT\\\",\\\"Page Number\\\":28,\\\"Clause No.\\\":0,\\\"Clause\\\":\\\" Receipt of the latest net worth statement of the Personal Guarantors duly certified by a Chartered Accountant along with self-attested income tax return and\\\\/or wealth tax return shall be furnished in favour of the Secured Parties.\\\",\\\"Tag 1: Applicability\\\":null,\\\"Tag 2: Area\\\":null,\\\"Tag 3: Covenant Type\\\":null,\\\"Tag 4: Covenant Title\\\":null,\\\"Tag 5: Covenant Description\\\":null,\\\"Compliance Frequency\\\":null,\\\"Trigger Type\\\":null,\\\"First Trigger Date\\\":null,\\\"Submission PeriodEnd Date\\\":null,\\\"Threshold\\\":null,\\\"Submission Period\\\":null,\\\"End Date\\\":null},{\\\"Section\\\":\\\"CONDITIONS PRECEDENT\\\",\\\"Page Number\\\":28,\\\"Clause No.\\\":0,\\\"Clause\\\":\\\" The Borrower shall have submitted to the Facility Agent a certificate from its company secretary or Auditor certifying that the equity contributions required to be made and maintained by the Major Shareholders under the terms of the Financing Documents have been made by way of equity sharcs of the Borrower.\\\",\\\"Tag 1: Applicability\\\":null,\\\"Tag 2: Area\\\":null,\\\"Tag 3: Covenant Type\\\":null,\\\"Tag 4: Covenant Title\\\":null,\\\"Tag 5: Covenant Description\\\":null,\\\"Compliance Frequency\\\":null,\\\"Trigger Type\\\":null,\\\"First Trigger Date\\\":null,\\\"Submission PeriodEnd Date\\\":null,\\\"Threshold\\\":null,\\\"Submission Period\\\":null,\\\"End Date\\\":null},{\\\"Section\\\":\\\"CONDITIONS PRECEDENT\\\",\\\"Page Number\\\":28,\\\"Clause No.\\\":0,\\\"Clause\\\":\\\" Receipt of a certificate from a Chartered Accountant confirming that the Debt to Equity ratio of the Borrower would not exceed 1.54:1 after the relevant Drawdown in accordance with the terms of this Agreement.\\\",\\\"Tag 1: Applicability\\\":null,\\\"Tag 2: Area\\\":null,\\\"Tag 3: Covenant Type\\\":null,\\\"Tag 4: Covenant Title\\\":null,\\\"Tag 5: Covenant Description\\\":null,\\\"Compliance Frequency\\\":null,\\\"Trigger Type\\\":null,\\\"First Trigger Date\\\":null,\\\"Submission PeriodEnd Date\\\":null,\\\"Threshold\\\":null,\\\"Submission Period\\\":null,\\\"End Date\\\":null},{\\\"Section\\\":\\\"CONDITIONS PRECEDENT\\\",\\\"Page Number\\\":28,\\\"Clause No.\\\":0,\\\"Clause\\\":\\\" Receipt of an undertaking from the Borrower confirming that the Project is free from any Legal Proceedings on adequate stamp paper in accordance with applicable Laws and Regulations.\\\",\\\"Tag 1: Applicability\\\":null,\\\"Tag 2: Area\\\":null,\\\"Tag 3: Covenant Type\\\":null,\\\"Tag 4: Covenant Title\\\":null,\\\"Tag 5: Covenant Description\\\":null,\\\"Compliance Frequency\\\":null,\\\"Trigger Type\\\":null,\\\"First Trigger Date\\\":null,\\\"Submission PeriodEnd Date\\\":null,\\\"Threshold\\\":null,\\\"Submission Period\\\":null,\\\"End Date\\\":null},{\\\"Section\\\":\\\"CONDITIONS PRECEDENT\\\",\\\"Page Number\\\":28,\\\"Clause No.\\\":0,\\\"Clause\\\":\\\" Receipt of a declaration from the Borrower stating that none of its subsidiaries are appearing in CIBIL\\\\u2019s defaulter list.\\\",\\\"Tag 1: Applicability\\\":null,\\\"Tag 2: Area\\\":null,\\\"Tag 3: Covenant Type\\\":null,\\\"Tag 4: Covenant Title\\\":null,\\\"Tag 5: Covenant Description\\\":null,\\\"Compliance Frequency\\\":null,\\\"Trigger Type\\\":null,\\\"First Trigger Date\\\":null,\\\"Submission PeriodEnd Date\\\":null,\\\"Threshold\\\":null,\\\"Submission Period\\\":null,\\\"End Date\\\":null},{\\\"Section\\\":\\\"CONDITIONS PRECEDENT\\\",\\\"Page Number\\\":28,\\\"Clause No.\\\":0,\\\"Clause\\\":\\\" The Borrower hereby agrees and undertakes to provide evidence in such manner as may be required by the Facility Agent and\\\\/or the Rupee Lenders that there is no Event of Default or Potential Event of Default by the Borrower or the Major Shareholders under the Project Documents or any event of default or potential event of default under any other existing borrowing(s) of the Borrower and the Major Shareholders.\\\",\\\"Tag 1: Applicability\\\":null,\\\"Tag 2: Area\\\":null,\\\"Tag 3: Covenant Type\\\":null,\\\"Tag 4: Covenant Title\\\":null,\\\"Tag 5: Covenant Description\\\":null,\\\"Compliance Frequency\\\":null,\\\"Trigger Type\\\":null,\\\"First Trigger Date\\\":null,\\\"Submission PeriodEnd Date\\\":null,\\\"Threshold\\\":null,\\\"Submission Period\\\":null,\\\"End Date\\\":null},{\\\"Section\\\":\\\"CONDITIONS PRECEDENT\\\",\\\"Page Number\\\":28,\\\"Clause No.\\\":0,\\\"Clause\\\":\\\"The Parties agree that the Rupee Lenders\\\\u2019 Engincer will be appointed with 3 (Three) months from Financial Closure and the Lender's Engineer upon appointment shall review the Project and certify to the Rupee Lenders as ta the status of the progress of the Project and the successful operations after commissioning of the Project in a form satisfactory to the Rupee Lenders.\\\",\\\"Tag 1: Applicability\\\":null,\\\"Tag 2: Area\\\":null,\\\"Tag 3: Covenant Type\\\":null,\\\"Tag 4: Covenant Title\\\":null,\\\"Tag 5: Covenant Description\\\":null,\\\"Compliance Frequency\\\":null,\\\"Trigger Type\\\":null,\\\"First Trigger Date\\\":null,\\\"Submission PeriodEnd Date\\\":null,\\\"Threshold\\\":null,\\\"Submission Period\\\":null,\\\"End Date\\\":null},{\\\"Section\\\":\\\"CONDITIONS PRECEDENT\\\",\\\"Page Number\\\":28,\\\"Clause No.\\\":0,\\\"Clause\\\":\\\"No Rupee Lender shall be under an obligation to make an Advance in a manner contrary to or inconsistent with this Clause 4. Further within 30 (Thirty) days from the date of\\\",\\\"Tag 1: Applicability\\\":null,\\\"Tag 2: Area\\\":null,\\\"Tag 3: Covenant Type\\\":null,\\\"Tag 4: Covenant Title\\\":null,\\\"Tag 5: Covenant Description\\\":null,\\\"Compliance Frequency\\\":null,\\\"Trigger Type\\\":null,\\\"First Trigger Date\\\":null,\\\"Submission PeriodEnd Date\\\":null,\\\"Threshold\\\":null,\\\"Submission Period\\\":null,\\\"End Date\\\":null},{\\\"Section\\\":\\\"SECURITY\\\",\\\"Page Number\\\":35,\\\"Clause No.\\\":0,\\\"Clause\\\":\\\" The Rupee Lenders shall maintain in accordance with their usual practice accounts evidencing the amounts from time to time lent by and\\\\/or owing to it under this Agreement and the Financing Documents.\\\",\\\"Tag 1: Applicability\\\":null,\\\"Tag 2: Area\\\":null,\\\"Tag 3: Covenant Type\\\":null,\\\"Tag 4: Covenant Title\\\":null,\\\"Tag 5: Covenant Description\\\":null,\\\"Compliance Frequency\\\":null,\\\"Trigger Type\\\":null,\\\"First Trigger Date\\\":null,\\\"Submission PeriodEnd Date\\\":null,\\\"Threshold\\\":null,\\\"Submission Period\\\":null,\\\"End Date\\\":null},{\\\"Section\\\":\\\"SECURITY\\\",\\\"Page Number\\\":35,\\\"Clause No.\\\":0,\\\"Clause\\\":\\\" In any Legal Proceedings arising out of or in connection with this Agreement the entries made in the accounts maintained pursuant to Clause 9.1.1 above shall be conclusive evidence of the existence and amount of obligations of the Borrower as therein recorded.\\\",\\\"Tag 1: Applicability\\\":null,\\\"Tag 2: Area\\\":null,\\\"Tag 3: Covenant Type\\\":null,\\\"Tag 4: Covenant Title\\\":null,\\\"Tag 5: Covenant Description\\\":null,\\\"Compliance Frequency\\\":null,\\\"Trigger Type\\\":null,\\\"First Trigger Date\\\":null,\\\"Submission PeriodEnd Date\\\":null,\\\"Threshold\\\":null,\\\"Submission Period\\\":null,\\\"End Date\\\":null},{\\\"Section\\\":\\\"SECURITY\\\",\\\"Page Number\\\":35,\\\"Clause No.\\\":0,\\\"Clause\\\":\\\"Any certification or determination by the Rupee Lenders of a rate or amount under this Agreement is in the absence of manifest or proven error conclusive evidence of the matters to which it relates.\\\",\\\"Tag 1: Applicability\\\":null,\\\"Tag 2: Area\\\":null,\\\"Tag 3: Covenant Type\\\":null,\\\"Tag 4: Covenant Title\\\":null,\\\"Tag 5: Covenant Description\\\":null,\\\"Compliance Frequency\\\":null,\\\"Trigger Type\\\":null,\\\"First Trigger Date\\\":null,\\\"Submission PeriodEnd Date\\\":null,\\\"Threshold\\\":null,\\\"Submission Period\\\":null,\\\"End Date\\\":null},{\\\"Section\\\":\\\"SECURITY\\\",\\\"Page Number\\\":35,\\\"Clause No.\\\":0,\\\"Clause\\\":\\\"The Borrower shall secure the Facility Amount together with all interest liquidated damages costs charges and expenses and all other moneys whatsoever due and payable under the Financing Documents by creating the following securities (collectively referred to as \\\\u201cSecurity\\\\u201d) in favour of the Security Agent acting for the benefit of the Secured Parties in a form and manner acceptable to the Secured Parties:\\\",\\\"Tag 1: Applicability\\\":null,\\\"Tag 2: Area\\\":null,\\\"Tag 3: Covenant Type\\\":null,\\\"Tag 4: Covenant Title\\\":null,\\\"Tag 5: Covenant Description\\\":null,\\\"Compliance Frequency\\\":null,\\\"Trigger Type\\\":null,\\\"First Trigger Date\\\":null,\\\"Submission PeriodEnd Date\\\":null,\\\"Threshold\\\":null,\\\"Submission Period\\\":null,\\\"End Date\\\":null},{\\\"Section\\\":\\\"SECURITY\\\",\\\"Page Number\\\":35,\\\"Clause No.\\\":0,\\\"Clause\\\":\\\" Equitable mortgage on a pari passu basis on the land and building of Borrower relating to the Project (both present and future) providing a security cover equal to 1.5 (One and a Hall) times of the Facility Amount;\\\",\\\"Tag 1: Applicability\\\":null,\\\"Tag 2: Area\\\":null,\\\"Tag 3: Covenant Type\\\":null,\\\"Tag 4: Covenant Title\\\":null,\\\"Tag 5: Covenant Description\\\":null,\\\"Compliance Frequency\\\":null,\\\"Trigger Type\\\":null,\\\"First Trigger Date\\\":null,\\\"Submission PeriodEnd Date\\\":null,\\\"Threshold\\\":null,\\\"Submission Period\\\":null,\\\"End Date\\\":null},{\\\"Section\\\":\\\"SECURITY\\\",\\\"Page Number\\\":35,\\\"Clause No.\\\":0,\\\"Clause\\\":\\\" First charge on a pari passu basis on all current assets and fixed assets (both present and future) of the Borrower pertaining to the Project including over the Accounts and all amounts lying in the Accounts;\\\",\\\"Tag 1: Applicability\\\":null,\\\"Tag 2: Area\\\":null,\\\"Tag 3: Covenant Type\\\":null,\\\"Tag 4: Covenant Title\\\":null,\\\"Tag 5: Covenant Description\\\":null,\\\"Compliance Frequency\\\":null,\\\"Trigger Type\\\":null,\\\"First Trigger Date\\\":null,\\\"Submission PeriodEnd Date\\\":null,\\\"Threshold\\\":null,\\\"Submission Period\\\":null,\\\"End Date\\\":null},{\\\"Section\\\":\\\"SECURITY\\\",\\\"Page Number\\\":35,\\\"Clause No.\\\":0,\\\"Clause\\\":\\\" First charge on a pari passu basis by way of pledge of 30% (Thirty Percent) of the total issued and paid up share capital of the Borrower in accordance with the terms of the Pledge Agreement;\\\",\\\"Tag 1: Applicability\\\":null,\\\"Tag 2: Area\\\":null,\\\"Tag 3: Covenant Type\\\":null,\\\"Tag 4: Covenant Title\\\":null,\\\"Tag 5: Covenant Description\\\":null,\\\"Compliance Frequency\\\":null,\\\"Trigger Type\\\":null,\\\"First Trigger Date\\\":null,\\\"Submission PeriodEnd Date\\\":null,\\\"Threshold\\\":null,\\\"Submission Period\\\":null,\\\"End Date\\\":null},{\\\"Section\\\":\\\"SECURITY\\\",\\\"Page Number\\\":35,\\\"Clause No.\\\":0,\\\"Clause\\\":\\\" Non Disposat Undertakings in favour of the Security Agent acting for the benefit of the Secured Parties in relation to the balance total issued and paid up share capital of the Borrower. The Rupee Lenders agree that the Non Disposal Undertaking shall rank pari pass inter-se the Rupee Lenders;\\\",\\\"Tag 1: Applicability\\\":null,\\\"Tag 2: Area\\\":null,\\\"Tag 3: Covenant Type\\\":null,\\\"Tag 4: Covenant Title\\\":null,\\\"Tag 5: Covenant Description\\\":null,\\\"Compliance Frequency\\\":null,\\\"Trigger Type\\\":null,\\\"First Trigger Date\\\":null,\\\"Submission PeriodEnd Date\\\":null,\\\"Threshold\\\":null,\\\"Submission Period\\\":null,\\\"End Date\\\":null},{\\\"Section\\\":\\\"SECURITY\\\",\\\"Page Number\\\":35,\\\"Clause No.\\\":0,\\\"Clause\\\":\\\" Unconditional and Irrevocable Personal Guarantees from the Personal Guarantors for the tenor of the Facility; and\\\",\\\"Tag 1: Applicability\\\":null,\\\"Tag 2: Area\\\":null,\\\"Tag 3: Covenant Type\\\":null,\\\"Tag 4: Covenant Title\\\":null,\\\"Tag 5: Covenant Description\\\":null,\\\"Compliance Frequency\\\":null,\\\"Trigger Type\\\":null,\\\"First Trigger Date\\\":null,\\\"Submission PeriodEnd Date\\\":null,\\\"Threshold\\\":null,\\\"Submission Period\\\":null,\\\"End Date\\\":null},{\\\"Section\\\":\\\"SECURITY\\\",\\\"Page Number\\\":35,\\\"Clause No.\\\":0,\\\"Clause\\\":\\\"The Borrower shall execute a power of attorney in favour of the Security Agent in the form and substance as prescribed by the Rupee Lenders in respect of the said Security; or any other Security as may be mutually agreed upon between the \\\\u201cBorrower and the Rupee Lenders.\\\",\\\"Tag 1: Applicability\\\":null,\\\"Tag 2: Area\\\":null,\\\"Tag 3: Covenant Type\\\":null,\\\"Tag 4: Covenant Title\\\":null,\\\"Tag 5: Covenant Description\\\":null,\\\"Compliance Frequency\\\":null,\\\"Trigger Type\\\":null,\\\"First Trigger Date\\\":null,\\\"Submission PeriodEnd Date\\\":null,\\\"Threshold\\\":null,\\\"Submission Period\\\":null,\\\"End Date\\\":null},{\\\"Section\\\":\\\"SECURITY\\\",\\\"Page Number\\\":36,\\\"Clause No.\\\":0,\\\"Clause\\\":\\\"Except as provided under Clauses Error! Reference source not found. the Borrower shall create the Security simultaneously with the execution of this Agreement.\\\",\\\"Tag 1: Applicability\\\":null,\\\"Tag 2: Area\\\":null,\\\"Tag 3: Covenant Type\\\":null,\\\"Tag 4: Covenant Title\\\":null,\\\"Tag 5: Covenant Description\\\":null,\\\"Compliance Frequency\\\":null,\\\"Trigger Type\\\":null,\\\"First Trigger Date\\\":null,\\\"Submission PeriodEnd Date\\\":null,\\\"Threshold\\\":null,\\\"Submission Period\\\":null,\\\"End Date\\\":null},{\\\"Section\\\":\\\"SECURITY\\\",\\\"Page Number\\\":36,\\\"Clause No.\\\":0,\\\"Clause\\\":\\\"The Borrower shall make out a good and marketable title to its to be secured in favour of the Security Agent for the benefit of the Secured Parties to the satisfaction of the Secured Parties and comply with all such formalities as may be necessary or required for the said purpose.\\\",\\\"Tag 1: Applicability\\\":null,\\\"Tag 2: Area\\\":null,\\\"Tag 3: Covenant Type\\\":null,\\\"Tag 4: Covenant Title\\\":null,\\\"Tag 5: Covenant Description\\\":null,\\\"Compliance Frequency\\\":null,\\\"Trigger Type\\\":null,\\\"First Trigger Date\\\":null,\\\"Submission PeriodEnd Date\\\":null,\\\"Threshold\\\":null,\\\"Submission Period\\\":null,\\\"End Date\\\":null},{\\\"Section\\\":\\\"SECURITY\\\",\\\"Page Number\\\":36,\\\"Clause No.\\\":0,\\\"Clause\\\":\\\"Until the Final Settlement Date the Borrower undertakes to notify the Rupee Lenders and\\\\/or the Security Agent in writing of all its acquisitions of immoveable properties and as soon as practicable thereafter to make out a marketable title to the satisfaction of the Rupee Lenders and mortgage the same in favour of the Security Agent acting for the benefit of the Secured Parties by way of a first mortgage in such form and manner as may be decided by the Security Agent.\\\",\\\"Tag 1: Applicability\\\":null,\\\"Tag 2: Area\\\":null,\\\"Tag 3: Covenant Type\\\":null,\\\"Tag 4: Covenant Title\\\":null,\\\"Tag 5: Covenant Description\\\":null,\\\"Compliance Frequency\\\":null,\\\"Trigger Type\\\":null,\\\"First Trigger Date\\\":null,\\\"Submission PeriodEnd Date\\\":null,\\\"Threshold\\\":null,\\\"Submission Period\\\":null,\\\"End Date\\\":null},{\\\"Section\\\":\\\"SECURITY\\\",\\\"Page Number\\\":36,\\\"Clause No.\\\":0,\\\"Clause\\\":\\\"The Borrower shall at all times during the currency of the Facility at its own cost keep the said property constituting the Rupee Lender's Security fully insured against such risks and for such amounts and for such period and forms as the Rupee Lender may require in the joint names of the Rupee Lender and the Borrower or with the usual Rupee Lender mortgage clause with such insurance company or companies of repute to be approved by the Rupee Lender in writing and shall deposit the insurance policies and all cover notes premia receipts etc. with the Rupee Lender. The Borrower agrees that in addition to the aforesaid insurance it shall arrange for insurance cover in respect of standing charges and loss or profit in business in the event of any stoppage of production for any reason whatsoever. The Borrower shal! make punctual payment of all premia and shall not do or suffer to be done any act which may invalidate such insurances and will on receipt of any moneys under the said policies pay the same to the Rupee Lender which shall at the option of the Rupee Lender be applied either in reinstating or replacing the security or in repayment of the said Dues. If the Borrower shall fail to insure or keep insured all\\\\/any of the said the property\\\\/assets as aforesaid then the Rupce Lender shall without prejudice to or affecting its rights hereunder be at liberty (but not bound) to insure and keep the same insured and the Borrower shall on demand repay to the Rupee Lender all amounts spent or incurred by the Rupee Lender in doing so with interest at the applicable Default Interest rate for the Loan as aforesaid.\\\",\\\"Tag 1: Applicability\\\":null,\\\"Tag 2: Area\\\":null,\\\"Tag 3: Covenant Type\\\":null,\\\"Tag 4: Covenant Title\\\":null,\\\"Tag 5: Covenant Description\\\":null,\\\"Compliance Frequency\\\":null,\\\"Trigger Type\\\":null,\\\"First Trigger Date\\\":null,\\\"Submission PeriodEnd Date\\\":null,\\\"Threshold\\\":null,\\\"Submission Period\\\":null,\\\"End Date\\\":null},{\\\"Section\\\":\\\"SECURITY\\\",\\\"Page Number\\\":36,\\\"Clause No.\\\":0,\\\"Clause\\\":\\\"If at any lime during the tenor of the Facility the value of the said Securities falls so as to create a deficiency in the Security Margin or any other requirement specified by the Rupee Lenders from time to time or if Outstandings from the Rupee Lenders is in excess over the Facility Amount the Borrower shall within 7 (Seven) days of notice from the Rupee Lenders and\\\\/or the Facility Agent deposit with the Security Agent additional Security in the form of cash or such other Securities which may be acceptable to the Rupce Lenders failing which the Rupee Lenders may at its discretion sell dispose off or realise any or all of the said Securities through the Security Agent without being liable for any loss or damage or diminution in value sustained thereby.\\\",\\\"Tag 1: Applicability\\\":null,\\\"Tag 2: Area\\\":null,\\\"Tag 3: Covenant Type\\\":null,\\\"Tag 4: Covenant Title\\\":null,\\\"Tag 5: Covenant Description\\\":null,\\\"Compliance Frequency\\\":null,\\\"Trigger Type\\\":null,\\\"First Trigger Date\\\":null,\\\"Submission PeriodEnd Date\\\":null,\\\"Threshold\\\":null,\\\"Submission Period\\\":null,\\\"End Date\\\":null},{\\\"Section\\\":\\\"SECURITY\\\",\\\"Page Number\\\":37,\\\"Clause No.\\\":0,\\\"Clause\\\":\\\"The Borrower hereby undertakes that if at any time during the tenor of the Facility the Rupee Lenders are of the opinion that the Security provided by the Borrower has become inadequate to cover the outstanding balance of the Facility including all other dues accruing under the Financing Documents the Borrower shall provide and furnish to the Rupee Lenders such additional Security as may be acceptable to the Rupee Lenders to cover up the deficiency.\\\",\\\"Tag 1: Applicability\\\":null,\\\"Tag 2: Area\\\":null,\\\"Tag 3: Covenant Type\\\":null,\\\"Tag 4: Covenant Title\\\":null,\\\"Tag 5: Covenant Description\\\":null,\\\"Compliance Frequency\\\":null,\\\"Trigger Type\\\":null,\\\"First Trigger Date\\\":null,\\\"Submission PeriodEnd Date\\\":null,\\\"Threshold\\\":null,\\\"Submission Period\\\":null,\\\"End Date\\\":null},{\\\"Section\\\":\\\"SECURITY\\\",\\\"Page Number\\\":37,\\\"Clause No.\\\":0,\\\"Clause\\\":\\\"If any of the Rupee Lenders in their sole discretion decides that certain conditions materially affecting the perfection of the Security have not been met\\\\/ complied with even after execution of all the Financing Documents then each of the Rupee Lenders reserves the right to modify the Security structure and\\\\/or timelines for creation of Security set out in this Clause 10 in their sole discretion afler execution of all the Financing Documents until and the Borrower shall at its own costs do all acts deeds and things as may be necessary in relation to creation and perfection of the Security in terms of the revised security structure to the satisfaction of the Rupee Lenders.\\\",\\\"Tag 1: Applicability\\\":null,\\\"Tag 2: Area\\\":null,\\\"Tag 3: Covenant Type\\\":null,\\\"Tag 4: Covenant Title\\\":null,\\\"Tag 5: Covenant Description\\\":null,\\\"Compliance Frequency\\\":null,\\\"Trigger Type\\\":null,\\\"First Trigger Date\\\":null,\\\"Submission PeriodEnd Date\\\":null,\\\"Threshold\\\":null,\\\"Submission Period\\\":null,\\\"End Date\\\":null},{\\\"Section\\\":\\\"SECURITY\\\",\\\"Page Number\\\":37,\\\"Clause No.\\\":0,\\\"Clause\\\":\\\"The Borrower shall not mortgage\\\\/hypothecate\\\\/charge its moveable or immoveable assets in favour of any other institution without the prior written permission from the Rupee Lenders.\\\",\\\"Tag 1: Applicability\\\":null,\\\"Tag 2: Area\\\":null,\\\"Tag 3: Covenant Type\\\":null,\\\"Tag 4: Covenant Title\\\":null,\\\"Tag 5: Covenant Description\\\":null,\\\"Compliance Frequency\\\":null,\\\"Trigger Type\\\":null,\\\"First Trigger Date\\\":null,\\\"Submission PeriodEnd Date\\\":null,\\\"Threshold\\\":null,\\\"Submission Period\\\":null,\\\"End Date\\\":null},{\\\"Section\\\":\\\"SECURITY\\\",\\\"Page Number\\\":37,\\\"Clause No.\\\":0,\\\"Clause\\\":\\\"The Borrower shall ensure registration of charge with the Registrar of Companies (\\\\u201cROC\\\\u201d) within the stipulated time and shall furnish the necessary proof in this regard as and when required by the Rupee Lenders.\\\",\\\"Tag 1: Applicability\\\":null,\\\"Tag 2: Area\\\":null,\\\"Tag 3: Covenant Type\\\":null,\\\"Tag 4: Covenant Title\\\":null,\\\"Tag 5: Covenant Description\\\":null,\\\"Compliance Frequency\\\":null,\\\"Trigger Type\\\":null,\\\"First Trigger Date\\\":null,\\\"Submission PeriodEnd Date\\\":null,\\\"Threshold\\\":null,\\\"Submission Period\\\":null,\\\"End Date\\\":null},{\\\"Section\\\":\\\"SECURITY\\\",\\\"Page Number\\\":37,\\\"Clause No.\\\":0,\\\"Clause\\\":\\\"(a) The Borrower shafl have submitted evidence to the Facility Agent and the Rupee Lenders of having appointed the Escrow Agent and established each of the Accounts contemplated in the Escrow Agreement through which all Project cash flows and receivables including the following payments shall be routed (\\\\u201cCash Inflows\\\\u201d):\\\",\\\"Tag 1: Applicability\\\":null,\\\"Tag 2: Area\\\":null,\\\"Tag 3: Covenant Type\\\":null,\\\"Tag 4: Covenant Title\\\":null,\\\"Tag 5: Covenant Description\\\":null,\\\"Compliance Frequency\\\":null,\\\"Trigger Type\\\":null,\\\"First Trigger Date\\\":null,\\\"Submission PeriodEnd Date\\\":null,\\\"Threshold\\\":null,\\\"Submission Period\\\":null,\\\"End Date\\\":null},{\\\"Section\\\":\\\"SECURITY\\\",\\\"Page Number\\\":37,\\\"Clause No.\\\":0,\\\"Clause\\\":\\\"(a) The Borrower shafl have submitted evidence to the Facility Agent and the Rupee Lenders of having appointed the Escrow Agent and established each of the Accounts contemplated in the Escrow Agreement through which all Project cash flows and receivables including the following payments shall be routed (\\\\u201cCash Inflows\\\\u201d):(i) all money brought in for the Project as Equity shareholders\\\\u2019 contribution and all other contributions to be received by the Borrower;\\\",\\\"Tag 1: Applicability\\\":null,\\\"Tag 2: Area\\\":null,\\\"Tag 3: Covenant Type\\\":null,\\\"Tag 4: Covenant Title\\\":null,\\\"Tag 5: Covenant Description\\\":null,\\\"Compliance Frequency\\\":null,\\\"Trigger Type\\\":null,\\\"First Trigger Date\\\":null,\\\"Submission PeriodEnd Date\\\":null,\\\"Threshold\\\":null,\\\"Submission Period\\\":null,\\\"End Date\\\":null},{\\\"Section\\\":\\\"SECURITY\\\",\\\"Page Number\\\":37,\\\"Clause No.\\\":0,\\\"Clause\\\":\\\"(a) The Borrower shafl have submitted evidence to the Facility Agent and the Rupee Lenders of having appointed the Escrow Agent and established each of the Accounts contemplated in the Escrow Agreement through which all Project cash flows and receivables including the following payments shall be routed (\\\\u201cCash Inflows\\\\u201d):(ii) all monies payable by the Borrower to the debenture holders of the Borrower in accordance with the terms of the Debenture Holders\\\\u2019 Undertaking and the Escrow Agreement:\\\",\\\"Tag 1: Applicability\\\":null,\\\"Tag 2: Area\\\":null,\\\"Tag 3: Covenant Type\\\":null,\\\"Tag 4: Covenant Title\\\":null,\\\"Tag 5: Covenant Description\\\":null,\\\"Compliance Frequency\\\":null,\\\"Trigger Type\\\":null,\\\"First Trigger Date\\\":null,\\\"Submission PeriodEnd Date\\\":null,\\\"Threshold\\\":null,\\\"Submission Period\\\":null,\\\"End Date\\\":null},{\\\"Section\\\":\\\"SECURITY\\\",\\\"Page Number\\\":37,\\\"Clause No.\\\":0,\\\"Clause\\\":\\\"(a) The Borrower shafl have submitted evidence to the Facility Agent and the Rupee Lenders of having appointed the Escrow Agent and established each of the Accounts contemplated in the Escrow Agreement through which all Project cash flows and receivables including the following payments shall be routed (\\\\u201cCash Inflows\\\\u201d):(iii) drawings under the Facility including the LC Facility and the BG Facility and all proceeds of disbursements of the loans availed by the Borrower under the Financing Documents:\\\",\\\"Tag 1: Applicability\\\":null,\\\"Tag 2: Area\\\":null,\\\"Tag 3: Covenant Type\\\":null,\\\"Tag 4: Covenant Title\\\":null,\\\"Tag 5: Covenant Description\\\":null,\\\"Compliance Frequency\\\":null,\\\"Trigger Type\\\":null,\\\"First Trigger Date\\\":null,\\\"Submission PeriodEnd Date\\\":null,\\\"Threshold\\\":null,\\\"Submission Period\\\":null,\\\"End Date\\\":null},{\\\"Section\\\":\\\"SECURITY\\\",\\\"Page Number\\\":37,\\\"Clause No.\\\":0,\\\"Clause\\\":\\\"(a) The Borrower shafl have submitted evidence to the Facility Agent and the Rupee Lenders of having appointed the Escrow Agent and established each of the Accounts contemplated in the Escrow Agreement through which all Project cash flows and receivables including the following payments shall be routed (\\\\u201cCash Inflows\\\\u201d):(iv) all monies due or to become due to the Borrower under the Project related agreements including Hotel Management Agreement and under all performance bonds Ictters of credit and instruments of a similar nature issued in its favour in respect of the Project all insurance proceeds and all proceeds of any of the foregoing;\\\",\\\"Tag 1: Applicability\\\":null,\\\"Tag 2: Area\\\":null,\\\"Tag 3: Covenant Type\\\":null,\\\"Tag 4: Covenant Title\\\":null,\\\"Tag 5: Covenant Description\\\":null,\\\"Compliance Frequency\\\":null,\\\"Trigger Type\\\":null,\\\"First Trigger Date\\\":null,\\\"Submission PeriodEnd Date\\\":null,\\\"Threshold\\\":null,\\\"Submission Period\\\":null,\\\"End Date\\\":null},{\\\"Section\\\":\\\"SECURITY\\\",\\\"Page Number\\\":38,\\\"Clause No.\\\":0,\\\"Clause\\\":\\\"(a) The Borrower shafl have submitted evidence to the Facility Agent and the Rupee Lenders of having appointed the Escrow Agent and established each of the Accounts contemplated in the Escrow Agreement through which all Project cash flows and receivables including the following payments shall be routed (\\\\u201cCash Inflows\\\\u201d):(vi) all\\\\u2019 receivable in relation to the Project including fees and consideration received from the sale of Service Apartments;\\\",\\\"Tag 1: Applicability\\\":null,\\\"Tag 2: Area\\\":null,\\\"Tag 3: Covenant Type\\\":null,\\\"Tag 4: Covenant Title\\\":null,\\\"Tag 5: Covenant Description\\\":null,\\\"Compliance Frequency\\\":null,\\\"Trigger Type\\\":null,\\\"First Trigger Date\\\":null,\\\"Submission PeriodEnd Date\\\":null,\\\"Threshold\\\":null,\\\"Submission Period\\\":null,\\\"End Date\\\":null},{\\\"Section\\\":\\\"SECURITY\\\",\\\"Page Number\\\":38,\\\"Clause No.\\\":0,\\\"Clause\\\":\\\"(a) The Borrower shafl have submitted evidence to the Facility Agent and the Rupee Lenders of having appointed the Escrow Agent and established each of the Accounts contemplated in the Escrow Agreement through which all Project cash flows and receivables including the following payments shall be routed (\\\\u201cCash Inflows\\\\u201d):(vii) all monies received from any other sources in relation to and in respect of the Project including incentives received from any Governmental Authority.\\\",\\\"Tag 1: Applicability\\\":null,\\\"Tag 2: Area\\\":null,\\\"Tag 3: Covenant Type\\\":null,\\\"Tag 4: Covenant Title\\\":null,\\\"Tag 5: Covenant Description\\\":null,\\\"Compliance Frequency\\\":null,\\\"Trigger Type\\\":null,\\\"First Trigger Date\\\":null,\\\"Submission PeriodEnd Date\\\":null,\\\"Threshold\\\":null,\\\"Submission Period\\\":null,\\\"End Date\\\":null},{\\\"Section\\\":\\\"SECURITY\\\",\\\"Page Number\\\":38,\\\"Clause No.\\\":0,\\\"Clause\\\":\\\"(b) The benefit of the Accounts including the Cash Inflows deposited therein created pursuant to the Escrow Agreement has been extended for the benefit of each of the Secured Parties. The Escrow Agreement shall have been executed in a form and manner satisfactory to the Rupee Lenders. The Borrower shall have agreed to deposit all the cash flows of the Borrower in the Account which would specify the priority timing utilization and the sequence of the cash flows and agreed to maintain adequate reserves for mecting essential payments as may be specified in all the Accounts as per the terms of the Escrow Agreement.\\\",\\\"Tag 1: Applicability\\\":null,\\\"Tag 2: Area\\\":null,\\\"Tag 3: Covenant Type\\\":null,\\\"Tag 4: Covenant Title\\\":null,\\\"Tag 5: Covenant Description\\\":null,\\\"Compliance Frequency\\\":null,\\\"Trigger Type\\\":null,\\\"First Trigger Date\\\":null,\\\"Submission PeriodEnd Date\\\":null,\\\"Threshold\\\":null,\\\"Submission Period\\\":null,\\\"End Date\\\":null},{\\\"Section\\\":\\\"SECURITY\\\",\\\"Page Number\\\":38,\\\"Clause No.\\\":0,\\\"Clause\\\":\\\"(c) The Parties hereby agree that the Debt Service Reserve Account for an amount equivalent to (One) Quarter principal amount payable on the Facility shall be created 1 (One) Fiscal Quarter prior to the start of repayment of the Facility and the Debt Service Reserve Account for an amount equivalent to 1(One) quarter interest payable on the Facility shall be created three months prior to Commercial Operations Date (COD) and shall be maintained till the Final Settlement Date. The amounts deposited in the Accounts shall be utilised in the manner and priority determined by the Rupee Lenders and as set out in the Escrow Agreement. Any transfer or utilisation of the funds from any of the Accounts shall be made strictly as per the mandate drawn up between the Borrower and the Rupee Lenders.\\\",\\\"Tag 1: Applicability\\\":null,\\\"Tag 2: Area\\\":null,\\\"Tag 3: Covenant Type\\\":null,\\\"Tag 4: Covenant Title\\\":null,\\\"Tag 5: Covenant Description\\\":null,\\\"Compliance Frequency\\\":null,\\\"Trigger Type\\\":null,\\\"First Trigger Date\\\":null,\\\"Submission PeriodEnd Date\\\":null,\\\"Threshold\\\":null,\\\"Submission Period\\\":null,\\\"End Date\\\":null},{\\\"Section\\\":\\\"SECURITY\\\",\\\"Page Number\\\":38,\\\"Clause No.\\\":0,\\\"Clause\\\":\\\"(d) The Borrower shall close all the accounts of whatsoever nature opened by the Borrower with any bank other than the Escrow Agent including but not limited to the accounts wherein the Cash Inflows for the Project are deposited or where part of the Disbursement from some of the Rupee Lenders prior to establishment of the Accounts or execution of Financing Documents is deposited and all such amounts shall be deposited in the Accounts simultaneously upon execution of this Agreement and the Borrower shall also ensure that all Cash Inflow relating to the Project received by the Borrower are deposited in the Account immediately upon receipt of the same. The Borrower and the Major Shareholders further agrees and undertakes that till the Final Settlement Date all Cash Inflows shall be deposited forthwith by the Borrower into the Account at the time and in the manner required under the Financing Documents.\\\",\\\"Tag 1: Applicability\\\":null,\\\"Tag 2: Area\\\":null,\\\"Tag 3: Covenant Type\\\":null,\\\"Tag 4: Covenant Title\\\":null,\\\"Tag 5: Covenant Description\\\":null,\\\"Compliance Frequency\\\":null,\\\"Trigger Type\\\":null,\\\"First Trigger Date\\\":null,\\\"Submission PeriodEnd Date\\\":null,\\\"Threshold\\\":null,\\\"Submission Period\\\":null,\\\"End Date\\\":null},{\\\"Section\\\":\\\"SECURITY\\\",\\\"Page Number\\\":38,\\\"Clause No.\\\":0,\\\"Clause\\\":\\\"(c) The Borrower hereby also unconditionally irrevocably and absolutely agrees and undertakes that upon demand from Rupee Lenders it shall submit sufficient proof of closure of all banking accounts (other than the Accounts)\\\",\\\"Tag 1: Applicability\\\":null,\\\"Tag 2: Area\\\":null,\\\"Tag 3: Covenant Type\\\":null,\\\"Tag 4: Covenant Title\\\":null,\\\"Tag 5: Covenant Description\\\":null,\\\"Compliance Frequency\\\":null,\\\"Trigger Type\\\":null,\\\"First Trigger Date\\\":null,\\\"Submission PeriodEnd Date\\\":null,\\\"Threshold\\\":null,\\\"Submission Period\\\":null,\\\"End Date\\\":null}]\",\"errors\":\"\",\"elapsed\":0.0042}}",
    "convertedResponse" : null
  }
}
