{
  "swagger" : "2.0",
  "info" : {
    "version" : "2.0",
    "x-WM-USE_PROXY_FOR_WEB" : true,
    "x-WM-USE_PROXY_FOR_MOBILE" : true,
    "x-WM-API_ID" : "c2a957a4-abd6-40d7-963d-d4d27e782a09",
    "x-WM-SERVICE_ID" : "restService",
    "x-WM-SERVICE_TYPE" : "RestService",
    "x-WM-USE_WITH_CREDENTIALS" : false
  },
  "host" : "3.7.249.68",
  "basePath" : "",
  "tags" : [ {
    "name" : "RestServiceVirtualController",
    "description" : "Rest service swagger documentation"
  } ],
  "schemes" : [ "https" ],
  "paths" : {
    "/classify" : {
      "post" : {
        "tags" : [ "RestServiceVirtualController" ],
        "operationId" : "ClassifyRestService_RestServiceVirtualController-invoke",
        "consumes" : [ "multipart/form-data" ],
        "produces" : [ "application/json" ],
        "parameters" : [ {
          "name" : "document_id",
          "in" : "formData",
          "required" : false,
          "type" : "string",
          "format" : "string",
          "x-WM-VARIABLE_KEY" : "",
          "x-WM-EDITABLE" : true,
          "x-WM-FULLY_QUALIFIED_TYPE" : "java.lang.String",
          "x-WM-VARIABLE_TYPE" : "PROMPT"
        }, {
          "name" : "file",
          "in" : "formData",
          "required" : false,
          "type" : "array",
          "items" : {
            "type" : "file"
          },
          "format" : "array",
          "x-WM-VARIABLE_KEY" : "",
          "x-WM-EDITABLE" : true,
          "x-WM-FULLY_QUALIFIED_TYPE" : "org.springframework.web.multipart.MultipartFile",
          "x-WM-VARIABLE_TYPE" : "PROMPT"
        } ],
        "responses" : {
          "200" : {
            "description" : "Success",
            "schema" : {
              "$ref" : "#/definitions/RootResponse"
            }
          }
        },
        "x-WM-METHOD_NAME" : "invoke",
        "x-WM-ACCESS_SPECIFIER" : "APP_ONLY"
      },
      "x-WM-BASE_PATH" : "/classify",
      "x-WM-TAG" : "RestServiceVirtualController",
      "x-WM-RELATIVE_PATH" : "",
      "x-WM-COMPLETE_PATH" : "${rest.ClassifyRestService.scheme}://${rest.ClassifyRestService.host}${rest.ClassifyRestService.basepath}/classify"
    }
  },
  "definitions" : {
    "RootResponse" : {
      "required" : [ "result" ],
      "properties" : {
        "result" : {
          "$ref" : "#/definitions/Response.result"
        }
      },
      "x-WM-FULLY_QUALIFIED_NAME" : "ClassifyRestService.RootResponse",
      "x-WM-TAGS" : [ "RestServiceVirtualController" ]
    },
    "Response.result" : {
      "required" : [ "df", "elapsed", "errors" ],
      "properties" : {
        "elapsed" : {
          "type" : "number",
          "format" : "double"
        },
        "df" : {
          "type" : "string"
        },
        "errors" : {
          "type" : "string"
        }
      },
      "x-WM-FULLY_QUALIFIED_NAME" : "ClassifyRestService.Response.result",
      "x-WM-TAGS" : [ "RestServiceVirtualController" ]
    }
  }
}
