<?xml version="1.0" encoding="UTF-8" standalone="yes"?>
<beans xsi:schemaLocation="http://www.springframework.org/schema/beans http://www.springframework.org/schema/beans/spring-beans.xsd http://www.springframework.org/schema/mvc http://www.springframework.org/schema/mvc/spring-mvc.xsd http://www.springframework.org/schema/context http://www.springframework.org/schema/context/spring-context.xsd http://www.springframework.org/schema/tx http://www.springframework.org/schema/tx/spring-tx.xsd http://www.springframework.org/schema/security http://www.springframework.org/schema/security/spring-security.xsd" xmlns="http://www.springframework.org/schema/beans" xmlns:security="http://www.springframework.org/schema/security" xmlns:xsi="http://www.w3.org/2001/XMLSchema-instance">
    <import resource="classpath:ClassifyRestService.spring.xml"/>
    <import resource="classpath:Classifymodel.spring.xml"/>
    <import resource="classpath:FileService.spring.xml"/>
    <import resource="classpath:MLUtilService.spring.xml"/>
    <import resource="classpath:getClassify.spring.xml"/>
    <import resource="classpath:getCovenants.spring.xml"/>
    <import resource="classpath:securityService.spring.xml"/>
    <import resource="classpath:textutil.spring.xml"/>
    <import resource="classpath:uploadDocuments.spring.xml"/>
</beans>
