{
  "endpointAddress" : "https://3.7.249.68/classify",
  "method" : "GET",
  "headers" : { },
  "redirectEnabled" : true,
  "requestBody" : "",
  "queryParams" : {
    "document_id" : "6163d1aef7e7da5b93cd3fd1dff530124207e170"
  },
  "authDetails" : null,
  "contentType" : "application/json",
  "multiParamInfoList" : null,
  "sampleHttpResponseDetails" : {
    "statusCode" : 400,
    "headers" : {
      "Server" : [ "nginx/1.18.0 (Ubuntu)" ],
      "Date" : [ "Tue, 23 Nov 2021 13:45:11 GMT" ],
      "Content-Type" : [ "application/json" ],
      "Content-Length" : [ "92" ],
      "Connection" : [ "keep-alive" ]
    },
    "responseBody" : "{\"message\":\"The browser (or proxy) sent a request that this server could not understand.\"}",
    "convertedResponse" : null
  }
}