{
  "swagger" : "2.0",
  "info" : {
    "version" : "2.0",
    "x-WM-USE_PROXY_FOR_WEB" : true,
    "x-WM-USE_PROXY_FOR_MOBILE" : true,
    "x-WM-API_ID" : "aedffe0b-9c8a-4aaf-a211-608be1aee940",
    "x-WM-SERVICE_ID" : "restService",
    "x-WM-SERVICE_TYPE" : "RestService",
    "x-WM-USE_WITH_CREDENTIALS" : false
  },
  "host" : "3.7.249.68",
  "basePath" : "",
  "tags" : [ {
    "name" : "RestServiceVirtualController",
    "description" : "Rest service swagger documentation"
  } ],
  "schemes" : [ "https" ],
  "paths" : {
    "/classify" : {
      "get" : {
        "tags" : [ "RestServiceVirtualController" ],
        "operationId" : "getClassify_RestServiceVirtualController-invoke",
        "consumes" : [ "application/json" ],
        "produces" : [ "application/json" ],
        "parameters" : [ {
          "name" : "document_id",
          "in" : "query",
          "description" : "document_id",
          "required" : false,
          "type" : "string",
          "format" : "string",
          "x-WM-VARIABLE_KEY" : "",
          "x-WM-EDITABLE" : false,
          "x-WM-VARIABLE_TYPE" : "PROMPT"
        } ],
        "responses" : {
          "200" : {
            "description" : "Success",
            "schema" : {
              "$ref" : "#/definitions/RootResponse"
            }
          }
        },
        "x-WM-METHOD_NAME" : "invoke",
        "x-WM-ACCESS_SPECIFIER" : "APP_ONLY"
      },
      "x-WM-BASE_PATH" : "/classify",
      "x-WM-TAG" : "RestServiceVirtualController",
      "x-WM-RELATIVE_PATH" : "",
      "x-WM-COMPLETE_PATH" : "${rest.getClassify.scheme}://${rest.getClassify.host}${rest.getClassify.basepath}/classify"
    }
  },
  "definitions" : {
    "RootResponse" : {
      "required" : [ "message" ],
      "properties" : {
        "message" : {
          "type" : "string"
        }
      },
      "x-WM-FULLY_QUALIFIED_NAME" : "getClassify.RootResponse",
      "x-WM-TAGS" : [ "RestServiceVirtualController" ]
    }
  }
}