{
  "breadcrumbVariable" : {
    "_id" : "wm-breadcrumbVariable-wm.Variable-1639397433000",
    "name" : "breadcrumbVariable",
    "owner" : "Page",
    "category" : "wm.Variable",
    "dataBinding" : [ ],
    "dataSet" : [ {
      "label" : "Projects",
      "icon" : "glyphicon glyphicon-home",
      "link" : "#/ProjectsCreateProject",
      "id" : "ProjectsCreateProject"
    }, {
      "label" : "View Project",
      "icon" : "wi wi-euro-symbol",
      "link" : "#/ProjectsViewCreateProject",
      "id" : "ProjectsViewCreateProject"
    } ],
    "type" : "entry",
    "isList" : true,
    "twoWayBinding" : false,
    "saveInPhonegap" : false
  },
  "databaseVariableTextutil" : {
    "_id" : "wm-databaseVariableTextutil-wm.LiveVariable-1639035235262",
    "name" : "databaseVariableTextutil",
    "owner" : "Page",
    "category" : "wm.LiveVariable",
    "dataBinding" : [ ],
    "operation" : "read",
    "dataSet" : [ ],
    "type" : "ProjectStatus",
    "isList" : false,
    "saveInPhonegap" : false,
    "maxResults" : 200,
    "designMaxResults" : 10,
    "inFlightBehavior" : "executeLast",
    "startUpdate" : true,
    "autoUpdate" : false,
    "transformationRequired" : false,
    "liveSource" : "textutil",
    "ignoreCase" : true,
    "matchMode" : "startignorecase",
    "orderBy" : "projectStatusId asc",
    "propertiesMap" : {
      "columns" : [ {
        "fieldName" : "projects",
        "type" : "integer",
        "fullyQualifiedType" : "integer",
        "columnName" : "ProjectId",
        "isPrimaryKey" : false,
        "notNull" : true,
        "length" : 0,
        "precision" : 10,
        "generator" : "assigned",
        "isRelated" : true,
        "relatedTableName" : "Projects",
        "relatedEntityName" : "Projects",
        "relatedColumnName" : "projectId",
        "relatedFieldName" : "projects.projectId",
        "isList" : false,
        "targetTable" : "Projects",
        "scale" : 0,
        "columns" : [ {
          "fieldName" : "projectId",
          "type" : "integer",
          "fullyQualifiedType" : "integer",
          "columnName" : "ProjectId",
          "isPrimaryKey" : true,
          "notNull" : true,
          "length" : 0,
          "precision" : 10,
          "generator" : "identity",
          "isRelated" : false,
          "scale" : 0
        }, {
          "fieldName" : "documentId",
          "type" : "string",
          "fullyQualifiedType" : "string",
          "columnName" : "DocumentId",
          "isPrimaryKey" : false,
          "notNull" : false,
          "length" : 255,
          "precision" : 0,
          "generator" : "assigned",
          "isRelated" : false,
          "scale" : 0
        }, {
          "fieldName" : "documentName",
          "type" : "string",
          "fullyQualifiedType" : "string",
          "columnName" : "DocumentName",
          "isPrimaryKey" : false,
          "notNull" : false,
          "length" : 255,
          "precision" : 0,
          "generator" : "assigned",
          "isRelated" : false,
          "scale" : 0
        }, {
          "fieldName" : "status",
          "type" : "integer",
          "fullyQualifiedType" : "integer",
          "columnName" : "Status",
          "isPrimaryKey" : false,
          "notNull" : false,
          "length" : 0,
          "precision" : 10,
          "generator" : "assigned",
          "isRelated" : false,
          "scale" : 0
        }, {
          "fieldName" : "clientId",
          "type" : "integer",
          "fullyQualifiedType" : "integer",
          "columnName" : "ClientId",
          "isPrimaryKey" : false,
          "notNull" : false,
          "length" : 0,
          "precision" : 10,
          "generator" : "assigned",
          "isRelated" : false,
          "scale" : 0
        }, {
          "fieldName" : "clientName",
          "type" : "string",
          "fullyQualifiedType" : "string",
          "columnName" : "ClientName",
          "isPrimaryKey" : false,
          "notNull" : false,
          "length" : 255,
          "precision" : 0,
          "generator" : "assigned",
          "isRelated" : false,
          "scale" : 0
        }, {
          "fieldName" : "contractName",
          "type" : "string",
          "fullyQualifiedType" : "string",
          "columnName" : "ContractName",
          "isPrimaryKey" : false,
          "notNull" : false,
          "length" : 255,
          "precision" : 0,
          "generator" : "assigned",
          "isRelated" : false,
          "scale" : 0
        }, {
          "fieldName" : "createdBy",
          "type" : "string",
          "fullyQualifiedType" : "string",
          "columnName" : "createdBy",
          "isPrimaryKey" : false,
          "notNull" : false,
          "length" : 255,
          "precision" : 0,
          "generator" : "assigned",
          "isRelated" : false,
          "scale" : 0
        }, {
          "fieldName" : "createdAt",
          "type" : "datetime",
          "fullyQualifiedType" : "datetime",
          "columnName" : "CreatedAt",
          "isPrimaryKey" : false,
          "notNull" : false,
          "length" : 0,
          "precision" : 0,
          "generator" : "assigned",
          "isRelated" : false,
          "scale" : 0
        }, {
          "fieldName" : "lastmodifieddate",
          "type" : "datetime",
          "fullyQualifiedType" : "datetime",
          "columnName" : "Lastmodifieddate",
          "isPrimaryKey" : false,
          "notNull" : false,
          "length" : 0,
          "precision" : 0,
          "generator" : "assigned",
          "isRelated" : false,
          "scale" : 0
        }, {
          "fieldName" : "documentType",
          "type" : "string",
          "fullyQualifiedType" : "string",
          "columnName" : "DocumentType",
          "isPrimaryKey" : false,
          "notNull" : false,
          "length" : 255,
          "precision" : 0,
          "generator" : "assigned",
          "isRelated" : false,
          "scale" : 0
        } ]
      }, {
        "fieldName" : "projectStatusId",
        "type" : "integer",
        "fullyQualifiedType" : "integer",
        "columnName" : "ProjectStatusId",
        "isPrimaryKey" : true,
        "notNull" : true,
        "length" : 0,
        "precision" : 10,
        "generator" : "identity",
        "isRelated" : false,
        "scale" : 0
      }, {
        "fieldName" : "stepName",
        "type" : "string",
        "fullyQualifiedType" : "string",
        "columnName" : "StepName",
        "isPrimaryKey" : false,
        "notNull" : false,
        "length" : 255,
        "precision" : 0,
        "generator" : "assigned",
        "isRelated" : false,
        "scale" : 0
      }, {
        "fieldName" : "stepStatus",
        "type" : "string",
        "fullyQualifiedType" : "string",
        "columnName" : "StepStatus",
        "isPrimaryKey" : false,
        "notNull" : false,
        "length" : 255,
        "precision" : 0,
        "generator" : "assigned",
        "isRelated" : false,
        "scale" : 0
      } ],
      "entityName" : "ProjectStatus",
      "fullyQualifiedName" : "com.truboardpartners.textutil.textutil.ProjectStatus",
      "tableType" : "TABLE",
      "primaryFields" : [ "projectStatusId" ]
    },
    "bindCount" : 0,
    "tableName" : "ProjectStatus",
    "tableType" : "TABLE",
    "properties" : [ "projects" ],
    "relatedTables" : [ {
      "columnName" : "projects",
      "relationName" : "projects",
      "type" : "Projects",
      "watchOn" : "TextutilProjectsData",
      "package" : "com.truboardpartners.textutil.textutil.ProjectStatus"
    } ],
    "filterFields" : { },
    "filterExpressions" : {
      "condition" : "AND",
      "rules" : [ {
        "target" : "",
        "type" : "string",
        "matchMode" : "anywhereignorecase",
        "value" : "",
        "required" : false,
        "secondvalue" : ""
      } ]
    },
    "package" : "com.truboardpartners.textutil.textutil.ProjectStatus"
  },
  "executeGetProjectData" : {
    "_id" : "wm-executeGetProjectData-wm.ServiceVariable-1638420753649",
    "name" : "executeGetProjectData",
    "owner" : "Page",
    "category" : "wm.ServiceVariable",
    "dataBinding" : [ {
      "target" : "projectId",
      "value" : "bind:pageParams.projectId",
      "type" : "integer"
    } ],
    "type" : "com.truboardpartners.textutil.textutil.models.procedure.GetProjectDataResponse",
    "service" : "textutil",
    "operation" : "executeGetProjectData",
    "operationId" : "ProcedureExecutionController_executeGetProjectData",
    "operationType" : "get",
    "serviceType" : "DataService",
    "dataSet" : [ ],
    "isList" : false,
    "maxResults" : 20,
    "onSuccess" : "executeGetProjectDataonSuccess(variable, data, options)",
    "startUpdate" : true,
    "autoUpdate" : false,
    "inFlightBehavior" : "executeLast",
    "transformationRequired" : false,
    "saveInPhonegap" : false,
    "controller" : "ProcedureExecution"
  },
  "executeGetProjectDataInfo" : {
    "_id" : "wm-executeGetProjectDataInfo-wm.ServiceVariable-1640109766012",
    "name" : "executeGetProjectDataInfo",
    "owner" : "Page",
    "category" : "wm.ServiceVariable",
    "dataBinding" : [ {
      "target" : "projectId",
      "value" : "bind:pageParams.projectId",
      "type" : "integer"
    } ],
    "type" : "com.truboardpartners.textutil.textutil.models.procedure.GetProjectDataInfoResponse",
    "service" : "textutil",
    "operation" : "executeGetProjectDataInfo",
    "operationId" : "ProcedureExecutionController_executeGetProjectDataInfo",
    "operationType" : "get",
    "serviceType" : "DataService",
    "dataSet" : [ ],
    "isList" : false,
    "maxResults" : 20,
    "onSuccess" : "executeGetProjectDataInfoonSuccess(variable, data, options)",
    "startUpdate" : true,
    "autoUpdate" : false,
    "inFlightBehavior" : "executeLast",
    "transformationRequired" : false,
    "saveInPhonegap" : false,
    "controller" : "ProcedureExecution"
  },
  "executeGetProjectStatusForTable" : {
    "_id" : "wm-executeGetProjectStatusForTable-wm.ServiceVariable-1638437166925",
    "name" : "executeGetProjectStatusForTable",
    "owner" : "Page",
    "category" : "wm.ServiceVariable",
    "dataBinding" : [ {
      "target" : "projectId",
      "value" : "bind:pageParams.projectId",
      "type" : "integer"
    } ],
    "type" : "com.truboardpartners.textutil.textutil.models.procedure.GetProjectStatusForTableResponse",
    "service" : "textutil",
    "operation" : "executeGetProjectStatusForTable",
    "operationId" : "ProcedureExecutionController_executeGetProjectStatusForTable",
    "operationType" : "get",
    "serviceType" : "DataService",
    "dataSet" : [ ],
    "isList" : false,
    "maxResults" : 20,
    "startUpdate" : true,
    "autoUpdate" : false,
    "inFlightBehavior" : "executeLast",
    "transformationRequired" : false,
    "saveInPhonegap" : false,
    "controller" : "ProcedureExecution"
  },
  "executeGetStatus" : {
    "_id" : "wm-executeGetStatus-wm.ServiceVariable-1639073472761",
    "name" : "executeGetStatus",
    "owner" : "Page",
    "category" : "wm.ServiceVariable",
    "dataBinding" : [ {
      "target" : "projectId",
      "value" : "bind:pageParams.projectId",
      "type" : "integer"
    }, {
      "target" : "stepName",
      "value" : "bind:Widgets.uploadDocument.caption",
      "type" : "string"
    } ],
    "type" : "com.truboardpartners.textutil.textutil.models.procedure.GetStatusResponse",
    "service" : "textutil",
    "operation" : "executeGetStatus",
    "operationId" : "ProcedureExecutionController_executeGetStatus",
    "operationType" : "get",
    "serviceType" : "DataService",
    "dataSet" : [ ],
    "isList" : false,
    "maxResults" : 20,
    "onSuccess" : "executeGetStatusonSuccess(variable, data, options)",
    "startUpdate" : true,
    "autoUpdate" : true,
    "inFlightBehavior" : "executeLast",
    "transformationRequired" : false,
    "saveInPhonegap" : false,
    "controller" : "ProcedureExecution"
  },
  "executeGetStatusForClassify" : {
    "_id" : "wm-executeGetStatusForClassify-wm.ServiceVariable-1639394787518",
    "name" : "executeGetStatusForClassify",
    "owner" : "Page",
    "category" : "wm.ServiceVariable",
    "dataBinding" : [ {
      "target" : "projectId",
      "value" : "bind:pageParams.projectId",
      "type" : "integer"
    }, {
      "target" : "stepName",
      "value" : "bind:Widgets.startClassification.caption",
      "type" : "string"
    } ],
    "type" : "com.truboardpartners.textutil.textutil.models.procedure.GetStatusResponse",
    "service" : "textutil",
    "operation" : "executeGetStatus",
    "operationId" : "ProcedureExecutionController_executeGetStatus",
    "operationType" : "get",
    "serviceType" : "DataService",
    "dataSet" : [ ],
    "isList" : false,
    "maxResults" : 20,
    "onSuccess" : "executeGetStatusForClassifyonSuccess(variable, data, options)",
    "startUpdate" : false,
    "autoUpdate" : true,
    "inFlightBehavior" : "executeLast",
    "transformationRequired" : false,
    "saveInPhonegap" : false,
    "controller" : "ProcedureExecution"
  },
  "executeUpdateDocIdonUpload" : {
    "_id" : "wm-executeUpdateDocIdonUpload-wm.ServiceVariable-1639116205300",
    "name" : "executeUpdateDocIdonUpload",
    "owner" : "Page",
    "category" : "wm.ServiceVariable",
    "dataBinding" : [ {
      "target" : "projectId",
      "value" : "bind:pageParams.projectId",
      "type" : "integer"
    } ],
    "service" : "textutil",
    "operation" : "executeUpdateDocIdonUpload",
    "operationId" : "ProcedureExecutionController_executeUpdateDocIdonUpload",
    "operationType" : "put",
    "serviceType" : "DataService",
    "dataSet" : [ ],
    "isList" : false,
    "maxResults" : 20,
    "startUpdate" : false,
    "autoUpdate" : false,
    "inFlightBehavior" : "executeLast",
    "transformationRequired" : false,
    "saveInPhonegap" : false,
    "controller" : "ProcedureExecution"
  },
  "executeUpdateStatus" : {
    "_id" : "wm-executeUpdateStatus-wm.ServiceVariable-1639054278530",
    "name" : "executeUpdateStatus",
    "owner" : "Page",
    "category" : "wm.ServiceVariable",
    "dataBinding" : [ {
      "target" : "stepName",
      "value" : "bind:Widgets.uploadDocument.caption",
      "type" : "string"
    }, {
      "target" : "projectId",
      "value" : "bind:pageParams.projectId",
      "type" : "integer"
    } ],
    "service" : "textutil",
    "operation" : "executeUpdateStatus",
    "operationId" : "ProcedureExecutionController_executeUpdateStatus",
    "operationType" : "put",
    "serviceType" : "DataService",
    "dataSet" : [ ],
    "isList" : false,
    "maxResults" : 20,
    "startUpdate" : false,
    "autoUpdate" : false,
    "inFlightBehavior" : "executeLast",
    "transformationRequired" : false,
    "saveInPhonegap" : false,
    "controller" : "ProcedureExecution"
  },
  "FileServiceUploadFile" : {
    "_id" : "wm-FileServiceUploadFile-wm.ServiceVariable-1640157060069",
    "name" : "FileServiceUploadFile",
    "owner" : "Page",
    "category" : "wm.ServiceVariable",
    "dataBinding" : [ {
      "target" : "files",
      "value" : "bind:Widgets.fileupload3.selectedFiles",
      "type" : "java.lang.String"
    } ],
    "type" : "com.truboardpartners.textutil.fileservice.FileService.FileUploadResponse",
    "service" : "FileService",
    "operation" : "uploadFile",
    "operationId" : "FileController_uploadFile",
    "serviceType" : "JavaService",
    "dataSet" : [ ],
    "isList" : false,
    "maxResults" : 20,
    "startUpdate" : false,
    "autoUpdate" : false,
    "inFlightBehavior" : "executeLast",
    "transformationRequired" : false,
    "saveInPhonegap" : false,
    "isDefault" : true,
    "controller" : "File"
  },
  "getClassifyDocumentData" : {
    "_id" : "wm-getClassifyDocumentData-wm.LiveVariable-1639638843817",
    "name" : "getClassifyDocumentData",
    "owner" : "Page",
    "category" : "wm.LiveVariable",
    "dataBinding" : [ ],
    "operation" : "read",
    "dataSet" : [ ],
    "type" : "ClassifyDocument",
    "isList" : false,
    "saveInPhonegap" : false,
    "maxResults" : 2000,
    "designMaxResults" : 10,
    "inFlightBehavior" : "executeLast",
    "startUpdate" : false,
    "autoUpdate" : false,
    "transformationRequired" : false,
    "liveSource" : "textutil",
    "ignoreCase" : true,
    "matchMode" : "startignorecase",
    "orderBy" : "classifyDocumentId asc",
    "propertiesMap" : {
      "columns" : [ {
        "fieldName" : "classifyDocumentId",
        "type" : "integer",
        "fullyQualifiedType" : "integer",
        "columnName" : "ClassifyDocumentId",
        "isPrimaryKey" : true,
        "notNull" : true,
        "length" : 0,
        "precision" : 10,
        "generator" : "identity",
        "isRelated" : false,
        "scale" : 0
      }, {
        "fieldName" : "documentId",
        "type" : "string",
        "fullyQualifiedType" : "string",
        "columnName" : "DocumentId",
        "isPrimaryKey" : false,
        "notNull" : true,
        "length" : 255,
        "precision" : 0,
        "generator" : "assigned",
        "isRelated" : false,
        "scale" : 0
      }, {
        "fieldName" : "section",
        "type" : "string",
        "fullyQualifiedType" : "string",
        "columnName" : "Section",
        "isPrimaryKey" : false,
        "notNull" : false,
        "length" : 255,
        "precision" : 0,
        "generator" : "assigned",
        "isRelated" : false,
        "scale" : 0
      }, {
        "fieldName" : "pageNumber",
        "type" : "integer",
        "fullyQualifiedType" : "integer",
        "columnName" : "PageNumber",
        "isPrimaryKey" : false,
        "notNull" : false,
        "length" : 0,
        "precision" : 10,
        "generator" : "assigned",
        "isRelated" : false,
        "scale" : 0
      }, {
        "fieldName" : "clauseNo",
        "type" : "integer",
        "fullyQualifiedType" : "integer",
        "columnName" : "ClauseNo",
        "isPrimaryKey" : false,
        "notNull" : false,
        "length" : 0,
        "precision" : 10,
        "generator" : "assigned",
        "isRelated" : false,
        "scale" : 0
      }, {
        "fieldName" : "clause",
        "type" : "text",
        "fullyQualifiedType" : "text",
        "columnName" : "Clause",
        "isPrimaryKey" : false,
        "notNull" : false,
        "length" : 8000,
        "precision" : 0,
        "generator" : "assigned",
        "isRelated" : false,
        "scale" : 0
      }, {
        "fieldName" : "tag1Applicability",
        "type" : "string",
        "fullyQualifiedType" : "string",
        "columnName" : "Tag_1_Applicability",
        "isPrimaryKey" : false,
        "notNull" : false,
        "length" : 255,
        "precision" : 0,
        "generator" : "assigned",
        "isRelated" : false,
        "scale" : 0
      }, {
        "fieldName" : "tag2Area",
        "type" : "string",
        "fullyQualifiedType" : "string",
        "columnName" : "Tag_2_Area",
        "isPrimaryKey" : false,
        "notNull" : false,
        "length" : 255,
        "precision" : 0,
        "generator" : "assigned",
        "isRelated" : false,
        "scale" : 0
      }, {
        "fieldName" : "tag3CovenantType",
        "type" : "string",
        "fullyQualifiedType" : "string",
        "columnName" : "Tag_3_CovenantType",
        "isPrimaryKey" : false,
        "notNull" : false,
        "length" : 255,
        "precision" : 0,
        "generator" : "assigned",
        "isRelated" : false,
        "scale" : 0
      }, {
        "fieldName" : "tag4CovenantTitle",
        "type" : "string",
        "fullyQualifiedType" : "string",
        "columnName" : "Tag_4_CovenantTitle",
        "isPrimaryKey" : false,
        "notNull" : false,
        "length" : 255,
        "precision" : 0,
        "generator" : "assigned",
        "isRelated" : false,
        "scale" : 0
      }, {
        "fieldName" : "tag5CovenantDescription",
        "type" : "string",
        "fullyQualifiedType" : "string",
        "columnName" : "Tag_5_CovenantDescription",
        "isPrimaryKey" : false,
        "notNull" : false,
        "length" : 255,
        "precision" : 0,
        "generator" : "assigned",
        "isRelated" : false,
        "scale" : 0
      }, {
        "fieldName" : "complianceFrequency",
        "type" : "string",
        "fullyQualifiedType" : "string",
        "columnName" : "ComplianceFrequency",
        "isPrimaryKey" : false,
        "notNull" : false,
        "length" : 255,
        "precision" : 0,
        "generator" : "assigned",
        "isRelated" : false,
        "scale" : 0
      }, {
        "fieldName" : "triggerType",
        "type" : "string",
        "fullyQualifiedType" : "string",
        "columnName" : "TriggerType",
        "isPrimaryKey" : false,
        "notNull" : false,
        "length" : 255,
        "precision" : 0,
        "generator" : "assigned",
        "isRelated" : false,
        "scale" : 0
      }, {
        "fieldName" : "firstTriggerDate",
        "type" : "date",
        "fullyQualifiedType" : "date",
        "columnName" : "FirstTriggerDate",
        "isPrimaryKey" : false,
        "notNull" : false,
        "length" : 0,
        "precision" : 0,
        "generator" : "assigned",
        "isRelated" : false,
        "scale" : 0
      }, {
        "fieldName" : "submissionPeriodEndDate",
        "type" : "date",
        "fullyQualifiedType" : "date",
        "columnName" : "SubmissionPeriodEndDate",
        "isPrimaryKey" : false,
        "notNull" : false,
        "length" : 0,
        "precision" : 0,
        "generator" : "assigned",
        "isRelated" : false,
        "scale" : 0
      }, {
        "fieldName" : "threshold",
        "type" : "string",
        "fullyQualifiedType" : "string",
        "columnName" : "Threshold",
        "isPrimaryKey" : false,
        "notNull" : false,
        "length" : 255,
        "precision" : 0,
        "generator" : "assigned",
        "isRelated" : false,
        "scale" : 0
      }, {
        "fieldName" : "submissionPeriod",
        "type" : "string",
        "fullyQualifiedType" : "string",
        "columnName" : "SubmissionPeriod",
        "isPrimaryKey" : false,
        "notNull" : false,
        "length" : 255,
        "precision" : 0,
        "generator" : "assigned",
        "isRelated" : false,
        "scale" : 0
      }, {
        "fieldName" : "endDate",
        "type" : "date",
        "fullyQualifiedType" : "date",
        "columnName" : "EndDate",
        "isPrimaryKey" : false,
        "notNull" : false,
        "length" : 0,
        "precision" : 0,
        "generator" : "assigned",
        "isRelated" : false,
        "scale" : 0
      } ],
      "entityName" : "ClassifyDocument",
      "fullyQualifiedName" : "com.truboardpartners.textutil.textutil.ClassifyDocument",
      "tableType" : "TABLE",
      "primaryFields" : [ "classifyDocumentId" ]
    },
    "tableName" : "ClassifyDocument",
    "tableType" : "TABLE",
    "properties" : [ ],
    "relatedTables" : [ ],
    "filterFields" : { },
    "filterExpressions" : {
      "condition" : "AND",
      "rules" : [ {
        "target" : "",
        "type" : "string",
        "matchMode" : "anywhereignorecase",
        "value" : "",
        "required" : false,
        "secondvalue" : ""
      } ]
    },
    "package" : "com.truboardpartners.textutil.textutil.ClassifyDocument"
  },
  "getClassifyWebAPI" : {
    "_id" : "wm-getClassifyWebAPI-wm.ServiceVariable-1638794925998",
    "name" : "getClassifyWebAPI",
    "owner" : "Page",
    "category" : "wm.ServiceVariable",
    "dataBinding" : [ {
      "target" : "document_id",
      "value" : "520ba11e6d91090640ce828310aec34bd3b6fafb",
      "type" : "string"
    } ],
    "type" : "getClassify.RootResponse",
    "service" : "getClassify",
    "operation" : "invoke",
    "operationId" : "getClassify_RestServiceVirtualController-invoke",
    "operationType" : "get",
    "serviceType" : "RestService",
    "dataSet" : [ ],
    "isList" : false,
    "maxResults" : 20,
    "startUpdate" : false,
    "autoUpdate" : false,
    "inFlightBehavior" : "executeLast",
    "transformationRequired" : false,
    "saveInPhonegap" : false,
    "controller" : "RestServiceVirtual"
  },
  "getCovenantsWebAPI" : {
    "_id" : "wm-getCovenantsWebAPI-wm.ServiceVariable-1638942312235",
    "name" : "getCovenantsWebAPI",
    "owner" : "Page",
    "category" : "wm.ServiceVariable",
    "dataBinding" : [ ],
    "type" : "getCovenants.RootResponse",
    "service" : "getCovenants",
    "operation" : "invoke",
    "operationId" : "getCovenants_RestServiceVirtualController-invoke",
    "operationType" : "get",
    "serviceType" : "RestService",
    "dataSet" : [ ],
    "isList" : false,
    "maxResults" : 20,
    "onSuccess" : "getCovenantsWebAPIonSuccess(variable, data, options)",
    "startUpdate" : false,
    "autoUpdate" : true,
    "inFlightBehavior" : "executeLast",
    "transformationRequired" : false,
    "saveInPhonegap" : false,
    "controller" : "RestServiceVirtual"
  },
  "UploadClassifyRestService" : {
    "_id" : "wm-UploadClassifyRestService-wm.ServiceVariable-1640153751793",
    "name" : "UploadClassifyRestService",
    "owner" : "Page",
    "category" : "wm.ServiceVariable",
    "dataBinding" : [ {
      "target" : "document_id",
      "value" : "520ba11e6d91090640ce828310aec34bd3b6fafb",
      "type" : "string"
    }, {
      "isList" : true,
      "target" : "file",
      "value" : "bind:Widgets.fileupload3_2.selectedFiles",
      "type" : "file"
    } ],
    "type" : "ClassifyRestService.RootResponse",
    "service" : "ClassifyRestService",
    "operation" : "invoke",
    "operationId" : "ClassifyRestService_RestServiceVirtualController-invoke",
    "operationType" : "post",
    "serviceType" : "RestService",
    "dataSet" : [ ],
    "isList" : false,
    "maxResults" : 20,
    "onSuccess" : "UploadClassifyRestServiceonSuccess(variable, data, options)",
    "startUpdate" : false,
    "autoUpdate" : true,
    "inFlightBehavior" : "executeLast",
    "transformationRequired" : false,
    "saveInPhonegap" : false,
    "controller" : "RestServiceVirtual"
  },
  "uploadDocumentsWebAPI" : {
    "_id" : "wm-uploadDocumentsWebAPI-wm.ServiceVariable-1638776453496",
    "name" : "uploadDocumentsWebAPI",
    "owner" : "Page",
    "category" : "wm.ServiceVariable",
    "dataBinding" : [ {
      "target" : "contract_name",
      "value" : "SLR",
      "type" : "string"
    }, {
      "target" : "document_name",
      "value" : "YBL-SLR - Rupee Term Loan Agreement - Execution Version",
      "type" : "string"
    }, {
      "target" : "document_type",
      "value" : "pdf",
      "type" : "string"
    }, {
      "isList" : true,
      "target" : "file",
      "value" : "bind:Widgets.fileupload3_1.selectedFiles",
      "type" : "file"
    } ],
    "type" : "uploadDocuments.RootResponse",
    "service" : "uploadDocuments",
    "operation" : "invoke",
    "operationId" : "uploadDocuments_RestServiceVirtualController-invoke",
    "operationType" : "post",
    "serviceType" : "RestService",
    "dataSet" : [ ],
    "isList" : false,
    "maxResults" : 20,
    "onSuccess" : "uploadDocumentsWebAPIonSuccess(variable, data, options)",
    "startUpdate" : false,
    "autoUpdate" : true,
    "inFlightBehavior" : "executeLast",
    "transformationRequired" : false,
    "saveInPhonegap" : false,
    "controller" : "RestServiceVirtual"
  },
  "uploadDocumentsWebAPI2" : {
    "_id" : "wm-uploadDocumentsWebAPI2-wm.ServiceVariable-1638957224536",
    "name" : "uploadDocumentsWebAPI2",
    "owner" : "Page",
    "category" : "wm.ServiceVariable",
    "dataBinding" : [ {
      "target" : "contract_name",
      "value" : "SLR",
      "type" : "string"
    }, {
      "target" : "document_name",
      "value" : "YBL-SLR - Rupee Term Loan Agreement - Execution Version",
      "type" : "string"
    }, {
      "target" : "document_type",
      "value" : "csv",
      "type" : "string"
    } ],
    "type" : "uploadDocuments.RootResponse",
    "service" : "uploadDocuments",
    "operation" : "invoke",
    "operationId" : "uploadDocuments_RestServiceVirtualController-invoke",
    "operationType" : "post",
    "serviceType" : "RestService",
    "dataSet" : [ ],
    "isList" : false,
    "maxResults" : 20,
    "onSuccess" : "uploadDocumentsWebAPI2onSuccess(variable, data, options)",
    "startUpdate" : false,
    "autoUpdate" : true,
    "inFlightBehavior" : "executeLast",
    "transformationRequired" : false,
    "saveInPhonegap" : false,
    "controller" : "RestServiceVirtual"
  }
}
