{
  "sslConfig" : {
    "sslPort" : 443,
    "useSSL" : false,
    "excludedUrls" : null
  },
  "xssConfig" : {
    "enforceXssSecurity" : true,
    "policyFile" : null,
    "xssFilterStrategy" : "ENCODE",
    "policyType" : "IMPORT",
    "dataBackwardCompatibility" : false
  },
  "corsConfig" : {
    "enabled" : false,
    "maxAge" : 1600,
    "allowCredentials" : false,
    "pathEntries" : [ {
      "name" : "root",
      "path" : "/**",
      "allowedOrigins" : "*"
    } ]
  },
  "frameOptions" : {
    "enabled" : true,
    "mode" : "SAMEORIGIN",
    "allowFromUrl" : null
  },
  "customFilterList" : null,
  "allowedHosts" : null
}