[ {
  "name" : "Common",
  "type" : "PARTIAL",
  "params" : [ ]
}, {
  "name" : "Login",
  "type" : "PAGE",
  "params" : [ ]
}, {
  "name" : "Main",
  "type" : "PAGE",
  "params" : [ ]
}, {
  "name" : "ProjectsCreateProject",
  "type" : "PAGE",
  "params" : [ ]
}, {
  "name" : "ProjectsCreateProjectForm",
  "type" : "PAGE",
  "params" : [ ]
}, {
  "name" : "ProjectsViewCreateProject",
  "type" : "PAGE",
  "params" : [ {
    "name" : "projectId",
    "type" : "integer"
  } ]
}, {
  "name" : "TestAPI",
  "type" : "PAGE",
  "params" : [ ]
}, {
  "name" : "footer",
  "type" : "FOOTER",
  "params" : [ ]
}, {
  "name" : "header",
  "type" : "HEADER",
  "params" : [ ]
}, {
  "name" : "leftnav",
  "type" : "LEFTNAV",
  "params" : [ ]
}, {
  "name" : "rightnav",
  "type" : "RIGHTNAV",
  "params" : [ ]
}, {
  "name" : "topnav",
  "type" : "TOPNAV",
  "params" : [ ]
} ]