{
  "description" : "controller class for java service execution",
  "methods" : {
    "ClassificationStatus" : [ {
      "url" : {
        "value" : "/classificationStatus",
        "modified" : false
      },
      "method" : {
        "value" : "POST",
        "modified" : false
      },
      "accessSpecifier" : "APP_ONLY",
      "parameters" : {
        "csvFile" : {
          "name" : {
            "value" : "csvFile",
            "modified" : false
          },
          "in" : {
            "value" : "FORM",
            "modified" : false
          },
          "required" : {
            "value" : false,
            "modified" : false
          }
        },
        "documentId" : {
          "name" : {
            "value" : "documentId",
            "modified" : false
          },
          "in" : {
            "value" : "FORM",
            "modified" : true
          },
          "required" : {
            "value" : false,
            "modified" : false
          }
        },
        "status" : {
          "name" : {
            "value" : "status",
            "modified" : false
          },
          "in" : {
            "value" : "FORM",
            "modified" : true
          },
          "required" : {
            "value" : false,
            "modified" : false
          }
        },
        "message" : {
          "name" : {
            "value" : "message",
            "modified" : false
          },
          "in" : {
            "value" : "FORM",
            "modified" : true
          },
          "required" : {
            "value" : false,
            "modified" : false
          }
        },
        "errors" : {
          "name" : {
            "value" : "errors",
            "modified" : false
          },
          "in" : {
            "value" : "FORM",
            "modified" : true
          },
          "required" : {
            "value" : false,
            "modified" : false
          }
        },
        "request" : {
          "name" : {
            "value" : "request",
            "modified" : false
          },
          "in" : {
            "value" : "NONE",
            "modified" : false
          },
          "required" : {
            "value" : false,
            "modified" : false
          }
        }
      }
    } ],
    "classificationStatusV2" : [ {
      "url" : {
        "value" : "/classificationStatusV2",
        "modified" : false
      },
      "method" : {
        "value" : "POST",
        "modified" : true
      },
      "accessSpecifier" : "APP_ONLY",
      "parameters" : {
        "data" : {
          "name" : {
            "value" : "data",
            "modified" : false
          },
          "in" : {
            "value" : "BODY",
            "modified" : true
          },
          "required" : {
            "value" : false,
            "modified" : false
          }
        },
        "request" : {
          "name" : {
            "value" : "request",
            "modified" : false
          },
          "in" : {
            "value" : "NONE",
            "modified" : false
          },
          "required" : {
            "value" : false,
            "modified" : false
          }
        }
      }
    } ],
    "ClassificationStatusV3" : [ {
      "url" : {
        "value" : "/classificationStatusV3",
        "modified" : false
      },
      "method" : {
        "value" : "POST",
        "modified" : false
      },
      "accessSpecifier" : "APP_ONLY",
      "parameters" : {
        "csvFile" : {
          "name" : {
            "value" : "csvFile",
            "modified" : false
          },
          "in" : {
            "value" : "FORM",
            "modified" : false
          },
          "required" : {
            "value" : false,
            "modified" : false
          }
        },
        "documentId" : {
          "name" : {
            "value" : "documentId",
            "modified" : false
          },
          "in" : {
            "value" : "QUERY",
            "modified" : false
          },
          "required" : {
            "value" : false,
            "modified" : false
          }
        },
        "errors" : {
          "name" : {
            "value" : "errors",
            "modified" : false
          },
          "in" : {
            "value" : "QUERY",
            "modified" : false
          },
          "required" : {
            "value" : false,
            "modified" : false
          }
        },
        "request" : {
          "name" : {
            "value" : "request",
            "modified" : false
          },
          "in" : {
            "value" : "NONE",
            "modified" : false
          },
          "required" : {
            "value" : false,
            "modified" : false
          }
        }
      }
    } ],
    "ExtractionStatus" : [ {
      "url" : {
        "value" : "/extractionStatus",
        "modified" : false
      },
      "method" : {
        "value" : "POST",
        "modified" : true
      },
      "accessSpecifier" : "APP_ONLY",
      "parameters" : {
        "data" : {
          "name" : {
            "value" : "String",
            "modified" : true
          },
          "in" : {
            "value" : "BODY",
            "modified" : true
          },
          "required" : {
            "value" : false,
            "modified" : true
          }
        },
        "request" : {
          "name" : {
            "value" : "request",
            "modified" : false
          },
          "in" : {
            "value" : "NONE",
            "modified" : false
          },
          "required" : {
            "value" : false,
            "modified" : false
          }
        }
      }
    } ],
    "save" : [ {
      "url" : {
        "value" : "/save",
        "modified" : false
      },
      "method" : {
        "value" : "POST",
        "modified" : false
      },
      "accessSpecifier" : "APP_ONLY",
      "parameters" : {
        "file" : {
          "name" : {
            "value" : "file",
            "modified" : false
          },
          "in" : {
            "value" : "FORM",
            "modified" : false
          },
          "required" : {
            "value" : false,
            "modified" : false
          }
        }
      }
    } ]
  }
}
