{
  "description" : null,
  "methods" : {
    "getClause" : [ {
      "url" : {
        "value" : "/clause",
        "modified" : false
      },
      "method" : {
        "value" : "GET",
        "modified" : false
      },
      "accessSpecifier" : "APP_ONLY",
      "parameters" : { }
    } ],
    "getClauseNo" : [ {
      "url" : {
        "value" : "/clauseNo",
        "modified" : false
      },
      "method" : {
        "value" : "GET",
        "modified" : false
      },
      "accessSpecifier" : "APP_ONLY",
      "parameters" : { }
    } ],
    "getComplianceFrequency" : [ {
      "url" : {
        "value" : "/complianceFrequency",
        "modified" : false
      },
      "method" : {
        "value" : "GET",
        "modified" : false
      },
      "accessSpecifier" : "APP_ONLY",
      "parameters" : { }
    } ],
    "getEndDate" : [ {
      "url" : {
        "value" : "/endDate",
        "modified" : false
      },
      "method" : {
        "value" : "GET",
        "modified" : false
      },
      "accessSpecifier" : "APP_ONLY",
      "parameters" : { }
    } ],
    "getFirstTriggerDate" : [ {
      "url" : {
        "value" : "/firstTriggerDate",
        "modified" : false
      },
      "method" : {
        "value" : "GET",
        "modified" : false
      },
      "accessSpecifier" : "APP_ONLY",
      "parameters" : { }
    } ],
    "getPageNumber" : [ {
      "url" : {
        "value" : "/pageNumber",
        "modified" : false
      },
      "method" : {
        "value" : "GET",
        "modified" : false
      },
      "accessSpecifier" : "APP_ONLY",
      "parameters" : { }
    } ],
    "getSection" : [ {
      "url" : {
        "value" : "/section",
        "modified" : false
      },
      "method" : {
        "value" : "GET",
        "modified" : false
      },
      "accessSpecifier" : "APP_ONLY",
      "parameters" : { }
    } ],
    "getSubmissionPeriod" : [ {
      "url" : {
        "value" : "/submissionPeriod",
        "modified" : false
      },
      "method" : {
        "value" : "GET",
        "modified" : false
      },
      "accessSpecifier" : "APP_ONLY",
      "parameters" : { }
    } ],
    "getSubmissionPeriodEndDate" : [ {
      "url" : {
        "value" : "/submissionPeriodEndDate",
        "modified" : false
      },
      "method" : {
        "value" : "GET",
        "modified" : false
      },
      "accessSpecifier" : "APP_ONLY",
      "parameters" : { }
    } ],
    "getTag_1_Applicability" : [ {
      "url" : {
        "value" : "/tag_1_Applicability",
        "modified" : false
      },
      "method" : {
        "value" : "GET",
        "modified" : false
      },
      "accessSpecifier" : "APP_ONLY",
      "parameters" : { }
    } ],
    "getTag_2_Area" : [ {
      "url" : {
        "value" : "/tag_2_Area",
        "modified" : false
      },
      "method" : {
        "value" : "GET",
        "modified" : false
      },
      "accessSpecifier" : "APP_ONLY",
      "parameters" : { }
    } ],
    "getTag_3_CovenantType" : [ {
      "url" : {
        "value" : "/tag_3_Covenanttype",
        "modified" : false
      },
      "method" : {
        "value" : "GET",
        "modified" : false
      },
      "accessSpecifier" : "APP_ONLY",
      "parameters" : { }
    } ],
    "getTag_4_CovenantTitle" : [ {
      "url" : {
        "value" : "/tag_4_Covenanttitle",
        "modified" : false
      },
      "method" : {
        "value" : "GET",
        "modified" : false
      },
      "accessSpecifier" : "APP_ONLY",
      "parameters" : { }
    } ],
    "getTag_5_CovenantDescription" : [ {
      "url" : {
        "value" : "/tag_5_CovenantDescription",
        "modified" : false
      },
      "method" : {
        "value" : "GET",
        "modified" : false
      },
      "accessSpecifier" : "APP_ONLY",
      "parameters" : { }
    } ],
    "getThreshold" : [ {
      "url" : {
        "value" : "/threshold",
        "modified" : false
      },
      "method" : {
        "value" : "GET",
        "modified" : false
      },
      "accessSpecifier" : "APP_ONLY",
      "parameters" : { }
    } ],
    "getTriggerType" : [ {
      "url" : {
        "value" : "/triggertype",
        "modified" : false
      },
      "method" : {
        "value" : "GET",
        "modified" : false
      },
      "accessSpecifier" : "APP_ONLY",
      "parameters" : { }
    } ]
  }
}