{
  "basePath" : "${rest.uploadDocuments.basepath}",
  "paths" : {
    "/documents" : {
      "post" : {
        "x-WM-METHOD_NAME" : "invoke",
        "x-WM-ACCESS_SPECIFIER" : "APP_ONLY",
        "produces" : [ "application/json" ],
        "operationId" : "uploadDocuments_RestServiceVirtualController-invoke",
        "responses" : {
          "200" : {
            "schema" : {
              "$ref" : "#/definitions/RootResponse"
            },
            "description" : "Success"
          }
        },
        "parameters" : [ {
          "x-WM-VARIABLE_KEY" : "",
          "x-WM-EDITABLE" : true,
          "in" : "formData",
          "name" : "contract_name",
          "format" : "string",
          "type" : "string",
          "x-WM-FULLY_QUALIFIED_TYPE" : "java.lang.String",
          "required" : false,
          "x-WM-VARIABLE_TYPE" : "PROMPT"
        }, {
          "x-WM-VARIABLE_KEY" : "",
          "x-WM-EDITABLE" : true,
          "in" : "formData",
          "name" : "document_name",
          "format" : "string",
          "type" : "string",
          "x-WM-FULLY_QUALIFIED_TYPE" : "java.lang.String",
          "required" : false,
          "x-WM-VARIABLE_TYPE" : "PROMPT"
        }, {
          "x-WM-VARIABLE_KEY" : "",
          "x-WM-EDITABLE" : true,
          "in" : "formData",
          "name" : "document_type",
          "format" : "string",
          "type" : "string",
          "x-WM-FULLY_QUALIFIED_TYPE" : "java.lang.String",
          "required" : false,
          "x-WM-VARIABLE_TYPE" : "PROMPT"
        }, {
          "x-WM-VARIABLE_KEY" : "",
          "x-WM-EDITABLE" : true,
          "in" : "formData",
          "name" : "file",
          "format" : "array",
          "type" : "array",
          "items" : {
            "type" : "file"
          },
          "x-WM-FULLY_QUALIFIED_TYPE" : "org.springframework.web.multipart.MultipartFile",
          "required" : false,
          "x-WM-VARIABLE_TYPE" : "PROMPT"
        } ],
        "tags" : [ "RestServiceVirtualController" ],
        "consumes" : [ "multipart/form-data" ]
      },
      "x-WM-BASE_PATH" : "/documents",
      "x-WM-TAG" : "RestServiceVirtualController",
      "x-WM-RELATIVE_PATH" : "",
      "x-WM-COMPLETE_PATH" : "${rest.uploadDocuments.scheme}://${rest.uploadDocuments.host}${rest.uploadDocuments.basepath}/documents"
    }
  },
  "host" : "${rest.uploadDocuments.host}",
  "schemes" : [ "${rest.uploadDocuments.scheme}" ],
  "definitions" : {
    "RootResponse" : {
      "x-WM-FULLY_QUALIFIED_NAME" : "uploadDocuments.RootResponse",
      "x-WM-TAGS" : [ "RestServiceVirtualController" ],
      "required" : [ "message" ],
      "properties" : {
        "message" : {
          "type" : "string"
        }
      }
    }
  },
  "swagger" : "2.0",
  "info" : {
    "x-WM-USE_PROXY_FOR_WEB" : true,
    "x-WM-USE_PROXY_FOR_MOBILE" : true,
    "x-WM-API_ID" : "7d6a8cf3-8ac5-4f94-a5a2-c9af91d51642",
    "x-WM-SERVICE_ID" : "restService",
    "version" : "2.0",
    "x-WM-SERVICE_TYPE" : "RestService",
    "x-WM-USE_WITH_CREDENTIALS" : false
  },
  "tags" : [ {
    "name" : "RestServiceVirtualController",
    "description" : "Rest service swagger documentation"
  } ]
}