{
  "username" : "amit",
  "password" : "7b6a43524a272b4d4c67546633146d074336317071523e",
  "url" : "jdbc:sqlserver://truboard.database.windows.net:1433;databaseName=textutil",
  "driverClass" : "com.microsoft.sqlserver.jdbc.SQLServerDriver",
  "dialect" : "com.wavemaker.runtime.data.dialect.WMSQLServerDialect",
  "serviceId" : "textutil",
  "packageName" : "com.truboardpartners.textutil.textutil",
  "dbType" : "SQLServer",
  "host" : "truboard.database.windows.net",
  "dbName" : "textutil",
  "port" : "1433",
  "schemaName" : "dbo",
  "tableFilter" : [ {
    "table" : "ClassifyDocument",
    "schema" : "dbo"
  }, {
    "table" : "ErrorLog",
    "schema" : "dbo"
  }, {
    "table" : "ProjectStatus",
    "schema" : "dbo"
  }, {
    "table" : "Projects",
    "schema" : "dbo"
  }, {
    "table" : "StatusMaster",
    "schema" : "dbo"
  }, {
    "table" : "trace_xe_action_map",
    "schema" : "sys"
  }, {
    "table" : "trace_xe_event_map",
    "schema" : "sys"
  } ],
  "schemaFilter" : [ ],
  "impersonateUser" : false,
  "activeDirectoryDomain" : null,
  "hbm2ddl" : "none",
  "maxPageSize" : 100,
  "minPoolSize" : 2,
  "maxPoolSize" : 4,
  "transactionTimeout" : 30,
  "dataSourceType" : "WM_MANAGED_DATASOURCE",
  "jndiName" : "",
  "reloadInfo" : {
    "reload" : false,
    "reason" : null,
    "message" : null,
    "reImport" : false
  },
  "readOnly" : false,
  "metadataDialect" : ""
}