{
  "CreateProject" : {
    "name" : "CreateProject",
    "description" : "CreateProject",
    "version" : "V2",
    "procedureString" : "EXEC dbo.CreateProject @contractName= :contractName",
    "parameters" : [ {
      "name" : "contractName",
      "type" : "string",
      "list" : false,
      "variableType" : "PROMPT",
      "variableName" : "",
      "testValue" : "contract2",
      "required" : true,
      "parameterType" : "IN"
    } ],
    "request" : {
      "wrapped" : true,
      "typeRef" : "com.truboardpartners.textutil.textutil.models.procedure.CreateProjectRequest",
      "method" : "POST"
    },
    "response" : {
      "typeRef" : "java.lang.Void",
      "returns" : "PRIMITIVE",
      "responseType" : "SINGLE"
    }
  },
  "GetProjectData" : {
    "name" : "GetProjectData",
    "description" : "get project data based on project id",
    "version" : "V2",
    "procedureString" : "EXEC dbo.GetProjectData @projectId= :projectId",
    "parameters" : [ {
      "name" : "projectId",
      "type" : "integer",
      "list" : false,
      "variableType" : "PROMPT",
      "variableName" : "",
      "testValue" : "3",
      "required" : true,
      "parameterType" : "IN"
    } ],
    "request" : {
      "wrapped" : false,
      "typeRef" : null,
      "method" : "GET"
    },
    "response" : {
      "typeRef" : "com.truboardpartners.textutil.textutil.models.procedure.GetProjectDataResponse",
      "returns" : "CUSTOM",
      "responseType" : "SINGLE",
      "properties" : [ {
        "name" : "content",
        "fieldName" : "content",
        "optional" : false,
        "fieldType" : {
          "type" : "CUSTOM",
          "typeRef" : "com.truboardpartners.textutil.textutil.models.procedure.GetProjectDataResponseContent",
          "list" : true,
          "properties" : [ {
            "name" : "ProjectId",
            "fieldName" : "projectId",
            "optional" : false,
            "fieldType" : {
              "type" : "PRIMITIVE",
              "typeRef" : "java.lang.Integer",
              "list" : false
            }
          }, {
            "name" : "DocumentId",
            "fieldName" : "documentId",
            "optional" : false,
            "fieldType" : {
              "type" : "PRIMITIVE",
              "typeRef" : "java.lang.String",
              "list" : false
            }
          }, {
            "name" : "DocumentName",
            "fieldName" : "documentName",
            "optional" : false,
            "fieldType" : {
              "type" : "PRIMITIVE",
              "typeRef" : "java.lang.String",
              "list" : false
            }
          }, {
            "name" : "Status",
            "fieldName" : "status",
            "optional" : false,
            "fieldType" : {
              "type" : "PRIMITIVE",
              "typeRef" : "java.lang.Integer",
              "list" : false
            }
          }, {
            "name" : "ClientId",
            "fieldName" : "clientId",
            "optional" : false,
            "fieldType" : {
              "type" : "PRIMITIVE",
              "typeRef" : "java.lang.Integer",
              "list" : false
            }
          }, {
            "name" : "ClientName",
            "fieldName" : "clientName",
            "optional" : false,
            "fieldType" : {
              "type" : "PRIMITIVE",
              "typeRef" : "java.lang.String",
              "list" : false
            }
          }, {
            "name" : "ContractName",
            "fieldName" : "contractName",
            "optional" : false,
            "fieldType" : {
              "type" : "PRIMITIVE",
              "typeRef" : "java.lang.String",
              "list" : false
            }
          }, {
            "name" : "createdBy",
            "fieldName" : "createdBy",
            "optional" : false,
            "fieldType" : {
              "type" : "PRIMITIVE",
              "typeRef" : "java.lang.String",
              "list" : false
            }
          }, {
            "name" : "CreatedAt",
            "fieldName" : "createdAt",
            "optional" : false,
            "fieldType" : {
              "type" : "PRIMITIVE",
              "typeRef" : "java.time.LocalDateTime",
              "list" : false
            }
          } ]
        }
      } ]
    }
  },
  "GetProjectDataInfo" : {
    "name" : "GetProjectDataInfo",
    "description" : "GetProjectDataInfo",
    "version" : "V2",
    "procedureString" : "EXEC dbo.GetProjectData @projectId= :projectId",
    "parameters" : [ {
      "name" : "projectId",
      "type" : "integer",
      "list" : false,
      "variableType" : "PROMPT",
      "variableName" : "",
      "testValue" : "3",
      "required" : true,
      "parameterType" : "IN"
    } ],
    "request" : {
      "wrapped" : false,
      "typeRef" : null,
      "method" : "GET"
    },
    "response" : {
      "typeRef" : "com.truboardpartners.textutil.textutil.models.procedure.GetProjectDataInfoResponse",
      "returns" : "CUSTOM",
      "responseType" : "SINGLE",
      "properties" : [ {
        "name" : "content",
        "fieldName" : "content",
        "optional" : false,
        "fieldType" : {
          "type" : "CUSTOM",
          "typeRef" : "com.truboardpartners.textutil.textutil.models.procedure.GetProjectDataInfoResponseContent",
          "list" : true,
          "properties" : [ {
            "name" : "ProjectId",
            "fieldName" : "projectId",
            "optional" : false,
            "fieldType" : {
              "type" : "PRIMITIVE",
              "typeRef" : "java.lang.Integer",
              "list" : false
            }
          }, {
            "name" : "DocumentId",
            "fieldName" : "documentId",
            "optional" : false,
            "fieldType" : {
              "type" : "PRIMITIVE",
              "typeRef" : "java.lang.String",
              "list" : false
            }
          }, {
            "name" : "DocumentName",
            "fieldName" : "documentName",
            "optional" : false,
            "fieldType" : {
              "type" : "PRIMITIVE",
              "typeRef" : "java.lang.String",
              "list" : false
            }
          }, {
            "name" : "Status",
            "fieldName" : "status",
            "optional" : false,
            "fieldType" : {
              "type" : "PRIMITIVE",
              "typeRef" : "java.lang.Integer",
              "list" : false
            }
          }, {
            "name" : "ClientId",
            "fieldName" : "clientId",
            "optional" : false,
            "fieldType" : {
              "type" : "PRIMITIVE",
              "typeRef" : "java.lang.Integer",
              "list" : false
            }
          }, {
            "name" : "ClientName",
            "fieldName" : "clientName",
            "optional" : false,
            "fieldType" : {
              "type" : "PRIMITIVE",
              "typeRef" : "java.lang.String",
              "list" : false
            }
          }, {
            "name" : "ContractName",
            "fieldName" : "contractName",
            "optional" : false,
            "fieldType" : {
              "type" : "PRIMITIVE",
              "typeRef" : "java.lang.String",
              "list" : false
            }
          }, {
            "name" : "createdBy",
            "fieldName" : "createdBy",
            "optional" : false,
            "fieldType" : {
              "type" : "PRIMITIVE",
              "typeRef" : "java.lang.String",
              "list" : false
            }
          }, {
            "name" : "CreatedAt",
            "fieldName" : "createdAt",
            "optional" : false,
            "fieldType" : {
              "type" : "PRIMITIVE",
              "typeRef" : "java.time.LocalDateTime",
              "list" : false
            }
          }, {
            "name" : "Lastmodifieddate",
            "fieldName" : "lastmodifieddate",
            "optional" : false,
            "fieldType" : {
              "type" : "PRIMITIVE",
              "typeRef" : "java.time.LocalDateTime",
              "list" : false
            }
          }, {
            "name" : "DocumentType",
            "fieldName" : "documentType",
            "optional" : false,
            "fieldType" : {
              "type" : "PRIMITIVE",
              "typeRef" : "java.lang.String",
              "list" : false
            }
          } ]
        }
      } ]
    }
  },
  "GetProjectStatusForTable" : {
    "name" : "GetProjectStatusForTable",
    "description" : "GetProjectStatusForTable",
    "version" : "V2",
    "procedureString" : "EXEC dbo.GetProjectStatusForTable @projectId= :projectId",
    "parameters" : [ {
      "name" : "projectId",
      "type" : "integer",
      "list" : false,
      "variableType" : "PROMPT",
      "variableName" : "",
      "testValue" : "3",
      "required" : true,
      "parameterType" : "IN"
    } ],
    "request" : {
      "wrapped" : false,
      "typeRef" : null,
      "method" : "GET"
    },
    "response" : {
      "typeRef" : "com.truboardpartners.textutil.textutil.models.procedure.GetProjectStatusForTableResponse",
      "returns" : "CUSTOM",
      "responseType" : "SINGLE",
      "properties" : [ {
        "name" : "content",
        "fieldName" : "content",
        "optional" : false,
        "fieldType" : {
          "type" : "CUSTOM",
          "typeRef" : "com.truboardpartners.textutil.textutil.models.procedure.GetProjectStatusForTableResponseContent",
          "list" : true,
          "properties" : [ {
            "name" : "StepName",
            "fieldName" : "stepName",
            "optional" : false,
            "fieldType" : {
              "type" : "PRIMITIVE",
              "typeRef" : "java.lang.String",
              "list" : false
            }
          }, {
            "name" : "StepStatus",
            "fieldName" : "stepStatus",
            "optional" : false,
            "fieldType" : {
              "type" : "PRIMITIVE",
              "typeRef" : "java.lang.String",
              "list" : false
            }
          }, {
            "name" : "DocumentName",
            "fieldName" : "documentName",
            "optional" : false,
            "fieldType" : {
              "type" : "PRIMITIVE",
              "typeRef" : "java.lang.String",
              "list" : false
            }
          } ]
        }
      } ]
    }
  },
  "GetStatus" : {
    "name" : "GetStatus",
    "description" : "GetStatus",
    "version" : "V2",
    "procedureString" : "EXEC dbo.GetStatus @projectId= :projectId,@stepName= :stepName",
    "parameters" : [ {
      "name" : "projectId",
      "type" : "integer",
      "list" : false,
      "variableType" : "PROMPT",
      "variableName" : "",
      "testValue" : "3",
      "required" : true,
      "parameterType" : "IN"
    }, {
      "name" : "stepName",
      "type" : "string",
      "list" : false,
      "variableType" : "PROMPT",
      "variableName" : "",
      "testValue" : "Upload Document",
      "required" : true,
      "parameterType" : "IN"
    } ],
    "request" : {
      "wrapped" : false,
      "typeRef" : null,
      "method" : "GET"
    },
    "response" : {
      "typeRef" : "com.truboardpartners.textutil.textutil.models.procedure.GetStatusResponse",
      "returns" : "CUSTOM",
      "responseType" : "SINGLE",
      "properties" : [ {
        "name" : "content",
        "fieldName" : "content",
        "optional" : false,
        "fieldType" : {
          "type" : "CUSTOM",
          "typeRef" : "com.truboardpartners.textutil.textutil.models.procedure.GetStatusResponseContent",
          "list" : true,
          "properties" : [ {
            "name" : "DocumentName",
            "fieldName" : "documentName",
            "optional" : false,
            "fieldType" : {
              "type" : "PRIMITIVE",
              "typeRef" : "java.lang.String",
              "list" : false
            }
          }, {
            "name" : "StepStatus",
            "fieldName" : "stepStatus",
            "optional" : false,
            "fieldType" : {
              "type" : "PRIMITIVE",
              "typeRef" : "java.lang.String",
              "list" : false
            }
          } ]
        }
      } ]
    }
  },
  "UpdateDocIdonUpload" : {
    "name" : "UpdateDocIdonUpload",
    "description" : "UpdateDocIdonUpload",
    "version" : "V2",
    "procedureString" : "EXEC dbo.UpdateDocIdonUpload @documentId= :documentId,@projectId= :projectId",
    "parameters" : [ {
      "name" : "documentId",
      "type" : "string",
      "list" : false,
      "variableType" : "PROMPT",
      "variableName" : "",
      "testValue" : "1",
      "required" : true,
      "parameterType" : "IN"
    }, {
      "name" : "projectId",
      "type" : "integer",
      "list" : false,
      "variableType" : "PROMPT",
      "variableName" : "",
      "testValue" : "3",
      "required" : true,
      "parameterType" : "IN"
    } ],
    "request" : {
      "wrapped" : true,
      "typeRef" : "com.truboardpartners.textutil.textutil.models.procedure.UpdateDocIdonUploadRequest",
      "method" : "PUT"
    },
    "response" : {
      "typeRef" : "java.lang.Void",
      "returns" : "PRIMITIVE",
      "responseType" : "SINGLE"
    }
  },
  "UpdateStatus" : {
    "name" : "UpdateStatus",
    "description" : "UpdateStatus",
    "version" : "V2",
    "procedureString" : "EXEC dbo.UpdateStatus @projectId= :projectId,@stepName= :stepName",
    "parameters" : [ {
      "name" : "projectId",
      "type" : "integer",
      "list" : false,
      "variableType" : "PROMPT",
      "variableName" : "",
      "testValue" : "3",
      "required" : true,
      "parameterType" : "IN"
    }, {
      "name" : "stepName",
      "type" : "string",
      "list" : false,
      "variableType" : "PROMPT",
      "variableName" : "",
      "testValue" : "Upload Document",
      "required" : true,
      "parameterType" : "IN"
    } ],
    "request" : {
      "wrapped" : true,
      "typeRef" : "com.truboardpartners.textutil.textutil.models.procedure.UpdateStatusRequest",
      "method" : "PUT"
    },
    "response" : {
      "typeRef" : "java.lang.Void",
      "returns" : "PRIMITIVE",
      "responseType" : "SINGLE"
    }
  },
  "UploadOnSuccessChangeStatus" : {
    "name" : "UploadOnSuccessChangeStatus",
    "description" : "UploadOnSuccessChangeStatus",
    "version" : "V2",
    "procedureString" : "EXEC dbo.UploadOnSuccessChangeStatus @docid= :docid,@status= :status",
    "parameters" : [ {
      "name" : "docid",
      "type" : "string",
      "list" : false,
      "variableType" : "PROMPT",
      "variableName" : "",
      "testValue" : "1",
      "required" : true,
      "parameterType" : "IN"
    }, {
      "name" : "status",
      "type" : "string",
      "list" : false,
      "variableType" : "PROMPT",
      "variableName" : "",
      "testValue" : "ok",
      "required" : true,
      "parameterType" : "IN"
    } ],
    "request" : {
      "wrapped" : false,
      "typeRef" : null,
      "method" : "GET"
    },
    "response" : {
      "typeRef" : "java.lang.Void",
      "returns" : "PRIMITIVE",
      "responseType" : "SINGLE"
    }
  },
  "ViewProjects" : {
    "name" : "ViewProjects",
    "description" : "ViewProjects",
    "version" : "V2",
    "procedureString" : "EXEC dbo.ViewProjects @documentType= :documentType,@documentName= :documentName",
    "parameters" : [ {
      "name" : "documentType",
      "type" : "string",
      "list" : false,
      "variableType" : "PROMPT",
      "variableName" : "",
      "testValue" : "null",
      "required" : false,
      "parameterType" : "IN"
    }, {
      "name" : "documentName",
      "type" : "string",
      "list" : false,
      "variableType" : "PROMPT",
      "variableName" : "",
      "testValue" : "null",
      "required" : false,
      "parameterType" : "IN"
    } ],
    "request" : {
      "wrapped" : false,
      "typeRef" : null,
      "method" : "GET"
    },
    "response" : {
      "typeRef" : "com.truboardpartners.textutil.textutil.models.procedure.ViewProjectsResponse",
      "returns" : "CUSTOM",
      "responseType" : "SINGLE",
      "properties" : [ {
        "name" : "content",
        "fieldName" : "content",
        "optional" : false,
        "fieldType" : {
          "type" : "CUSTOM",
          "typeRef" : "com.truboardpartners.textutil.textutil.models.procedure.ViewProjectsResponseContent",
          "list" : true,
          "properties" : [ {
            "name" : "ProjectId",
            "fieldName" : "projectId",
            "optional" : false,
            "fieldType" : {
              "type" : "PRIMITIVE",
              "typeRef" : "java.lang.Integer",
              "list" : false
            }
          }, {
            "name" : "DocumentId",
            "fieldName" : "documentId",
            "optional" : false,
            "fieldType" : {
              "type" : "PRIMITIVE",
              "typeRef" : "java.lang.String",
              "list" : false
            }
          }, {
            "name" : "DocumentName",
            "fieldName" : "documentName",
            "optional" : false,
            "fieldType" : {
              "type" : "PRIMITIVE",
              "typeRef" : "java.lang.String",
              "list" : false
            }
          }, {
            "name" : "Status",
            "fieldName" : "status",
            "optional" : false,
            "fieldType" : {
              "type" : "PRIMITIVE",
              "typeRef" : "java.lang.Integer",
              "list" : false
            }
          }, {
            "name" : "ClientId",
            "fieldName" : "clientId",
            "optional" : false,
            "fieldType" : {
              "type" : "PRIMITIVE",
              "typeRef" : "java.lang.Integer",
              "list" : false
            }
          }, {
            "name" : "ClientName",
            "fieldName" : "clientName",
            "optional" : false,
            "fieldType" : {
              "type" : "PRIMITIVE",
              "typeRef" : "java.lang.String",
              "list" : false
            }
          }, {
            "name" : "ContractName",
            "fieldName" : "contractName",
            "optional" : false,
            "fieldType" : {
              "type" : "PRIMITIVE",
              "typeRef" : "java.lang.String",
              "list" : false
            }
          }, {
            "name" : "createdBy",
            "fieldName" : "createdBy",
            "optional" : false,
            "fieldType" : {
              "type" : "PRIMITIVE",
              "typeRef" : "java.lang.String",
              "list" : false
            }
          }, {
            "name" : "CreatedAt",
            "fieldName" : "createdAt",
            "optional" : false,
            "fieldType" : {
              "type" : "PRIMITIVE",
              "typeRef" : "java.time.LocalDateTime",
              "list" : false
            }
          }, {
            "name" : "Lastmodifieddate",
            "fieldName" : "lastmodifieddate",
            "optional" : false,
            "fieldType" : {
              "type" : "PRIMITIVE",
              "typeRef" : "java.time.LocalDateTime",
              "list" : false
            }
          }, {
            "name" : "DocumentType",
            "fieldName" : "documentType",
            "optional" : false,
            "fieldType" : {
              "type" : "PRIMITIVE",
              "typeRef" : "java.lang.String",
              "list" : false
            }
          } ]
        }
      } ]
    }
  }
}
