{
  "cascadeEnabled" : false,
  "dataLockingOptions" : {
    "versionColumnName" : "VERSION",
    "lockingStrategy" : "NONE"
  },
  "description" : "textutil",
  "draft" : false,
  "name" : "textutil",
  "packageName" : "com.truboardpartners.textutil.textutil",
  "tables" : [ {
    "catalog" : "textutil",
    "columns" : [ {
      "columnValue" : {
        "insertable" : true,
        "updatable" : true,
        "defaultValue" : null,
        "type" : "user-defined"
      },
      "constraintList" : null,
      "fieldName" : "classifyDocumentId",
      "foreignKey" : false,
      "generatorType" : "identity",
      "generatorValue" : null,
      "hidden" : false,
      "javaType" : "integer",
      "length" : 0,
      "name" : "ClassifyDocumentId",
      "nullable" : false,
      "oldName" : "ClassifyDocumentId",
      "partOfAnyRelation" : false,
      "partOfForeignKey" : false,
      "partOfPrimaryKey" : true,
      "partOfUniqueKey" : true,
      "period" : false,
      "precision" : 10,
      "primaryKey" : true,
      "scale" : 0,
      "sequenceSchema" : null,
      "sqlType" : "number",
      "unique" : true
    }, {
      "columnValue" : {
        "insertable" : true,
        "updatable" : true,
        "defaultValue" : null,
        "type" : "user-defined"
      },
      "constraintList" : null,
      "fieldName" : "documentId",
      "foreignKey" : false,
      "generatorType" : "assigned",
      "generatorValue" : null,
      "hidden" : false,
      "javaType" : "string",
      "length" : 255,
      "name" : "DocumentId",
      "nullable" : false,
      "oldName" : "DocumentId",
      "partOfAnyRelation" : false,
      "partOfForeignKey" : false,
      "partOfPrimaryKey" : false,
      "partOfUniqueKey" : false,
      "period" : false,
      "precision" : 0,
      "primaryKey" : false,
      "scale" : 0,
      "sequenceSchema" : null,
      "sqlType" : "string",
      "unique" : false
    }, {
      "columnValue" : {
        "insertable" : true,
        "updatable" : true,
        "defaultValue" : null,
        "type" : "user-defined"
      },
      "constraintList" : null,
      "fieldName" : "section",
      "foreignKey" : false,
      "generatorType" : "assigned",
      "generatorValue" : null,
      "hidden" : false,
      "javaType" : "string",
      "length" : 255,
      "name" : "Section",
      "nullable" : true,
      "oldName" : "Section",
      "partOfAnyRelation" : false,
      "partOfForeignKey" : false,
      "partOfPrimaryKey" : false,
      "partOfUniqueKey" : false,
      "period" : false,
      "precision" : 0,
      "primaryKey" : false,
      "scale" : 0,
      "sequenceSchema" : null,
      "sqlType" : "string",
      "unique" : false
    }, {
      "columnValue" : {
        "insertable" : true,
        "updatable" : true,
        "defaultValue" : null,
        "type" : "user-defined"
      },
      "constraintList" : null,
      "fieldName" : "pageNumber",
      "foreignKey" : false,
      "generatorType" : "assigned",
      "generatorValue" : null,
      "hidden" : false,
      "javaType" : "integer",
      "length" : 0,
      "name" : "PageNumber",
      "nullable" : true,
      "oldName" : "PageNumber",
      "partOfAnyRelation" : false,
      "partOfForeignKey" : false,
      "partOfPrimaryKey" : false,
      "partOfUniqueKey" : false,
      "period" : false,
      "precision" : 10,
      "primaryKey" : false,
      "scale" : 0,
      "sequenceSchema" : null,
      "sqlType" : "number",
      "unique" : false
    }, {
      "columnValue" : {
        "insertable" : true,
        "updatable" : true,
        "defaultValue" : null,
        "type" : "user-defined"
      },
      "constraintList" : null,
      "fieldName" : "clauseNo",
      "foreignKey" : false,
      "generatorType" : "assigned",
      "generatorValue" : null,
      "hidden" : false,
      "javaType" : "integer",
      "length" : 0,
      "name" : "ClauseNo",
      "nullable" : true,
      "oldName" : "ClauseNo",
      "partOfAnyRelation" : false,
      "partOfForeignKey" : false,
      "partOfPrimaryKey" : false,
      "partOfUniqueKey" : false,
      "period" : false,
      "precision" : 10,
      "primaryKey" : false,
      "scale" : 0,
      "sequenceSchema" : null,
      "sqlType" : "number",
      "unique" : false
    }, {
      "columnValue" : {
        "insertable" : true,
        "updatable" : true,
        "defaultValue" : null,
        "type" : "user-defined"
      },
      "constraintList" : null,
      "fieldName" : "clause",
      "foreignKey" : false,
      "generatorType" : "assigned",
      "generatorValue" : null,
      "hidden" : false,
      "javaType" : "text",
      "length" : 8000,
      "name" : "Clause",
      "nullable" : true,
      "oldName" : "Clause",
      "partOfAnyRelation" : false,
      "partOfForeignKey" : false,
      "partOfPrimaryKey" : false,
      "partOfUniqueKey" : false,
      "period" : false,
      "precision" : 0,
      "primaryKey" : false,
      "scale" : 0,
      "sequenceSchema" : null,
      "sqlType" : "string",
      "unique" : false
    }, {
      "columnValue" : {
        "insertable" : true,
        "updatable" : true,
        "defaultValue" : null,
        "type" : "user-defined"
      },
      "constraintList" : null,
      "fieldName" : "tag1Applicability",
      "foreignKey" : false,
      "generatorType" : "assigned",
      "generatorValue" : null,
      "hidden" : false,
      "javaType" : "string",
      "length" : 255,
      "name" : "Tag_1_Applicability",
      "nullable" : true,
      "oldName" : "Tag_1_Applicability",
      "partOfAnyRelation" : false,
      "partOfForeignKey" : false,
      "partOfPrimaryKey" : false,
      "partOfUniqueKey" : false,
      "period" : false,
      "precision" : 0,
      "primaryKey" : false,
      "scale" : 0,
      "sequenceSchema" : null,
      "sqlType" : "string",
      "unique" : false
    }, {
      "columnValue" : {
        "insertable" : true,
        "updatable" : true,
        "defaultValue" : null,
        "type" : "user-defined"
      },
      "constraintList" : null,
      "fieldName" : "tag2Area",
      "foreignKey" : false,
      "generatorType" : "assigned",
      "generatorValue" : null,
      "hidden" : false,
      "javaType" : "string",
      "length" : 255,
      "name" : "Tag_2_Area",
      "nullable" : true,
      "oldName" : "Tag_2_Area",
      "partOfAnyRelation" : false,
      "partOfForeignKey" : false,
      "partOfPrimaryKey" : false,
      "partOfUniqueKey" : false,
      "period" : false,
      "precision" : 0,
      "primaryKey" : false,
      "scale" : 0,
      "sequenceSchema" : null,
      "sqlType" : "string",
      "unique" : false
    }, {
      "columnValue" : {
        "insertable" : true,
        "updatable" : true,
        "defaultValue" : null,
        "type" : "user-defined"
      },
      "constraintList" : null,
      "fieldName" : "tag3CovenantType",
      "foreignKey" : false,
      "generatorType" : "assigned",
      "generatorValue" : null,
      "hidden" : false,
      "javaType" : "string",
      "length" : 255,
      "name" : "Tag_3_CovenantType",
      "nullable" : true,
      "oldName" : "Tag_3_CovenantType",
      "partOfAnyRelation" : false,
      "partOfForeignKey" : false,
      "partOfPrimaryKey" : false,
      "partOfUniqueKey" : false,
      "period" : false,
      "precision" : 0,
      "primaryKey" : false,
      "scale" : 0,
      "sequenceSchema" : null,
      "sqlType" : "string",
      "unique" : false
    }, {
      "columnValue" : {
        "insertable" : true,
        "updatable" : true,
        "defaultValue" : null,
        "type" : "user-defined"
      },
      "constraintList" : null,
      "fieldName" : "tag4CovenantTitle",
      "foreignKey" : false,
      "generatorType" : "assigned",
      "generatorValue" : null,
      "hidden" : false,
      "javaType" : "string",
      "length" : 255,
      "name" : "Tag_4_CovenantTitle",
      "nullable" : true,
      "oldName" : "Tag_4_CovenantTitle",
      "partOfAnyRelation" : false,
      "partOfForeignKey" : false,
      "partOfPrimaryKey" : false,
      "partOfUniqueKey" : false,
      "period" : false,
      "precision" : 0,
      "primaryKey" : false,
      "scale" : 0,
      "sequenceSchema" : null,
      "sqlType" : "string",
      "unique" : false
    }, {
      "columnValue" : {
        "insertable" : true,
        "updatable" : true,
        "defaultValue" : null,
        "type" : "user-defined"
      },
      "constraintList" : null,
      "fieldName" : "tag5CovenantDescription",
      "foreignKey" : false,
      "generatorType" : "assigned",
      "generatorValue" : null,
      "hidden" : false,
      "javaType" : "string",
      "length" : 255,
      "name" : "Tag_5_CovenantDescription",
      "nullable" : true,
      "oldName" : "Tag_5_CovenantDescription",
      "partOfAnyRelation" : false,
      "partOfForeignKey" : false,
      "partOfPrimaryKey" : false,
      "partOfUniqueKey" : false,
      "period" : false,
      "precision" : 0,
      "primaryKey" : false,
      "scale" : 0,
      "sequenceSchema" : null,
      "sqlType" : "string",
      "unique" : false
    }, {
      "columnValue" : {
        "insertable" : true,
        "updatable" : true,
        "defaultValue" : null,
        "type" : "user-defined"
      },
      "constraintList" : null,
      "fieldName" : "complianceFrequency",
      "foreignKey" : false,
      "generatorType" : "assigned",
      "generatorValue" : null,
      "hidden" : false,
      "javaType" : "string",
      "length" : 255,
      "name" : "ComplianceFrequency",
      "nullable" : true,
      "oldName" : "ComplianceFrequency",
      "partOfAnyRelation" : false,
      "partOfForeignKey" : false,
      "partOfPrimaryKey" : false,
      "partOfUniqueKey" : false,
      "period" : false,
      "precision" : 0,
      "primaryKey" : false,
      "scale" : 0,
      "sequenceSchema" : null,
      "sqlType" : "string",
      "unique" : false
    }, {
      "columnValue" : {
        "insertable" : true,
        "updatable" : true,
        "defaultValue" : null,
        "type" : "user-defined"
      },
      "constraintList" : null,
      "fieldName" : "triggerType",
      "foreignKey" : false,
      "generatorType" : "assigned",
      "generatorValue" : null,
      "hidden" : false,
      "javaType" : "string",
      "length" : 255,
      "name" : "TriggerType",
      "nullable" : true,
      "oldName" : "TriggerType",
      "partOfAnyRelation" : false,
      "partOfForeignKey" : false,
      "partOfPrimaryKey" : false,
      "partOfUniqueKey" : false,
      "period" : false,
      "precision" : 0,
      "primaryKey" : false,
      "scale" : 0,
      "sequenceSchema" : null,
      "sqlType" : "string",
      "unique" : false
    }, {
      "columnValue" : {
        "insertable" : true,
        "updatable" : true,
        "defaultValue" : null,
        "type" : "user-defined"
      },
      "constraintList" : null,
      "fieldName" : "firstTriggerDate",
      "foreignKey" : false,
      "generatorType" : "assigned",
      "generatorValue" : null,
      "hidden" : false,
      "javaType" : "date",
      "length" : 0,
      "name" : "FirstTriggerDate",
      "nullable" : true,
      "oldName" : "FirstTriggerDate",
      "partOfAnyRelation" : false,
      "partOfForeignKey" : false,
      "partOfPrimaryKey" : false,
      "partOfUniqueKey" : false,
      "period" : false,
      "precision" : 0,
      "primaryKey" : false,
      "scale" : 0,
      "sequenceSchema" : null,
      "sqlType" : "date",
      "unique" : false
    }, {
      "columnValue" : {
        "insertable" : true,
        "updatable" : true,
        "defaultValue" : null,
        "type" : "user-defined"
      },
      "constraintList" : null,
      "fieldName" : "submissionPeriodEndDate",
      "foreignKey" : false,
      "generatorType" : "assigned",
      "generatorValue" : null,
      "hidden" : false,
      "javaType" : "date",
      "length" : 0,
      "name" : "SubmissionPeriodEndDate",
      "nullable" : true,
      "oldName" : "SubmissionPeriodEndDate",
      "partOfAnyRelation" : false,
      "partOfForeignKey" : false,
      "partOfPrimaryKey" : false,
      "partOfUniqueKey" : false,
      "period" : false,
      "precision" : 0,
      "primaryKey" : false,
      "scale" : 0,
      "sequenceSchema" : null,
      "sqlType" : "date",
      "unique" : false
    }, {
      "columnValue" : {
        "insertable" : true,
        "updatable" : true,
        "defaultValue" : null,
        "type" : "user-defined"
      },
      "constraintList" : null,
      "fieldName" : "threshold",
      "foreignKey" : false,
      "generatorType" : "assigned",
      "generatorValue" : null,
      "hidden" : false,
      "javaType" : "string",
      "length" : 255,
      "name" : "Threshold",
      "nullable" : true,
      "oldName" : "Threshold",
      "partOfAnyRelation" : false,
      "partOfForeignKey" : false,
      "partOfPrimaryKey" : false,
      "partOfUniqueKey" : false,
      "period" : false,
      "precision" : 0,
      "primaryKey" : false,
      "scale" : 0,
      "sequenceSchema" : null,
      "sqlType" : "string",
      "unique" : false
    }, {
      "columnValue" : {
        "insertable" : true,
        "updatable" : true,
        "defaultValue" : null,
        "type" : "user-defined"
      },
      "constraintList" : null,
      "fieldName" : "submissionPeriod",
      "foreignKey" : false,
      "generatorType" : "assigned",
      "generatorValue" : null,
      "hidden" : false,
      "javaType" : "string",
      "length" : 255,
      "name" : "SubmissionPeriod",
      "nullable" : true,
      "oldName" : "SubmissionPeriod",
      "partOfAnyRelation" : false,
      "partOfForeignKey" : false,
      "partOfPrimaryKey" : false,
      "partOfUniqueKey" : false,
      "period" : false,
      "precision" : 0,
      "primaryKey" : false,
      "scale" : 0,
      "sequenceSchema" : null,
      "sqlType" : "string",
      "unique" : false
    }, {
      "columnValue" : {
        "insertable" : true,
        "updatable" : true,
        "defaultValue" : null,
        "type" : "user-defined"
      },
      "constraintList" : null,
      "fieldName" : "endDate",
      "foreignKey" : false,
      "generatorType" : "assigned",
      "generatorValue" : null,
      "hidden" : false,
      "javaType" : "date",
      "length" : 0,
      "name" : "EndDate",
      "nullable" : true,
      "oldName" : "EndDate",
      "partOfAnyRelation" : false,
      "partOfForeignKey" : false,
      "partOfPrimaryKey" : false,
      "partOfUniqueKey" : false,
      "period" : false,
      "precision" : 0,
      "primaryKey" : false,
      "scale" : 0,
      "sequenceSchema" : null,
      "sqlType" : "date",
      "unique" : false
    } ],
    "constraints" : [ ],
    "entityName" : "ClassifyDocument",
    "filter" : null,
    "fullyQualifiedName" : "com.truboardpartners.textutil.textutil.ClassifyDocument",
    "ignoreRefreshAfterInsert" : false,
    "name" : "ClassifyDocument",
    "oldName" : "ClassifyDocument",
    "primaryKey" : {
      "columns" : [ "ClassifyDocumentId" ],
      "composite" : false,
      "generator" : {
        "generatorType" : "identity",
        "generatorValue" : null,
        "schemaName" : null
      },
      "name" : "PK__Classify__7E1476202C9C1633",
      "virtual" : false
    },
    "relations" : [ ],
    "schema" : "dbo",
    "tableDataLockingOptions" : {
      "versionColumnName" : "VERSION",
      "lockingStrategy" : "NONE",
      "overrideStrategy" : "INHERIT"
    },
    "temporals" : [ ],
    "type" : "TABLE"
  }, {
    "catalog" : "textutil",
    "columns" : [ {
      "columnValue" : {
        "insertable" : true,
        "updatable" : true,
        "defaultValue" : null,
        "type" : "user-defined"
      },
      "constraintList" : null,
      "fieldName" : "errorId",
      "foreignKey" : false,
      "generatorType" : "identity",
      "generatorValue" : null,
      "hidden" : false,
      "javaType" : "integer",
      "length" : 0,
      "name" : "ErrorId",
      "nullable" : false,
      "oldName" : "ErrorId",
      "partOfAnyRelation" : false,
      "partOfForeignKey" : false,
      "partOfPrimaryKey" : true,
      "partOfUniqueKey" : true,
      "period" : false,
      "precision" : 10,
      "primaryKey" : true,
      "scale" : 0,
      "sequenceSchema" : null,
      "sqlType" : "number",
      "unique" : true
    }, {
      "columnValue" : {
        "insertable" : true,
        "updatable" : true,
        "defaultValue" : null,
        "type" : "user-defined"
      },
      "constraintList" : null,
      "fieldName" : "errorNumber",
      "foreignKey" : false,
      "generatorType" : "assigned",
      "generatorValue" : null,
      "hidden" : false,
      "javaType" : "integer",
      "length" : 0,
      "name" : "ErrorNumber",
      "nullable" : true,
      "oldName" : "ErrorNumber",
      "partOfAnyRelation" : false,
      "partOfForeignKey" : false,
      "partOfPrimaryKey" : false,
      "partOfUniqueKey" : false,
      "period" : false,
      "precision" : 10,
      "primaryKey" : false,
      "scale" : 0,
      "sequenceSchema" : null,
      "sqlType" : "number",
      "unique" : false
    }, {
      "columnValue" : {
        "insertable" : true,
        "updatable" : true,
        "defaultValue" : null,
        "type" : "user-defined"
      },
      "constraintList" : null,
      "fieldName" : "errorSeverity",
      "foreignKey" : false,
      "generatorType" : "assigned",
      "generatorValue" : null,
      "hidden" : false,
      "javaType" : "string",
      "length" : 512,
      "name" : "ErrorSeverity",
      "nullable" : true,
      "oldName" : "ErrorSeverity",
      "partOfAnyRelation" : false,
      "partOfForeignKey" : false,
      "partOfPrimaryKey" : false,
      "partOfUniqueKey" : false,
      "period" : false,
      "precision" : 0,
      "primaryKey" : false,
      "scale" : 0,
      "sequenceSchema" : null,
      "sqlType" : "string",
      "unique" : false
    }, {
      "columnValue" : {
        "insertable" : true,
        "updatable" : true,
        "defaultValue" : null,
        "type" : "user-defined"
      },
      "constraintList" : null,
      "fieldName" : "errorState",
      "foreignKey" : false,
      "generatorType" : "assigned",
      "generatorValue" : null,
      "hidden" : false,
      "javaType" : "string",
      "length" : 512,
      "name" : "ErrorState",
      "nullable" : true,
      "oldName" : "ErrorState",
      "partOfAnyRelation" : false,
      "partOfForeignKey" : false,
      "partOfPrimaryKey" : false,
      "partOfUniqueKey" : false,
      "period" : false,
      "precision" : 0,
      "primaryKey" : false,
      "scale" : 0,
      "sequenceSchema" : null,
      "sqlType" : "string",
      "unique" : false
    }, {
      "columnValue" : {
        "insertable" : true,
        "updatable" : true,
        "defaultValue" : null,
        "type" : "user-defined"
      },
      "constraintList" : null,
      "fieldName" : "errorProcedure",
      "foreignKey" : false,
      "generatorType" : "assigned",
      "generatorValue" : null,
      "hidden" : false,
      "javaType" : "string",
      "length" : 512,
      "name" : "ErrorProcedure",
      "nullable" : true,
      "oldName" : "ErrorProcedure",
      "partOfAnyRelation" : false,
      "partOfForeignKey" : false,
      "partOfPrimaryKey" : false,
      "partOfUniqueKey" : false,
      "period" : false,
      "precision" : 0,
      "primaryKey" : false,
      "scale" : 0,
      "sequenceSchema" : null,
      "sqlType" : "string",
      "unique" : false
    }, {
      "columnValue" : {
        "insertable" : true,
        "updatable" : true,
        "defaultValue" : null,
        "type" : "user-defined"
      },
      "constraintList" : null,
      "fieldName" : "errorLine",
      "foreignKey" : false,
      "generatorType" : "assigned",
      "generatorValue" : null,
      "hidden" : false,
      "javaType" : "integer",
      "length" : 0,
      "name" : "ErrorLine",
      "nullable" : true,
      "oldName" : "ErrorLine",
      "partOfAnyRelation" : false,
      "partOfForeignKey" : false,
      "partOfPrimaryKey" : false,
      "partOfUniqueKey" : false,
      "period" : false,
      "precision" : 10,
      "primaryKey" : false,
      "scale" : 0,
      "sequenceSchema" : null,
      "sqlType" : "number",
      "unique" : false
    }, {
      "columnValue" : {
        "insertable" : true,
        "updatable" : true,
        "defaultValue" : null,
        "type" : "user-defined"
      },
      "constraintList" : null,
      "fieldName" : "errorMessage",
      "foreignKey" : false,
      "generatorType" : "assigned",
      "generatorValue" : null,
      "hidden" : false,
      "javaType" : "string",
      "length" : 512,
      "name" : "ErrorMessage",
      "nullable" : true,
      "oldName" : "ErrorMessage",
      "partOfAnyRelation" : false,
      "partOfForeignKey" : false,
      "partOfPrimaryKey" : false,
      "partOfUniqueKey" : false,
      "period" : false,
      "precision" : 0,
      "primaryKey" : false,
      "scale" : 0,
      "sequenceSchema" : null,
      "sqlType" : "string",
      "unique" : false
    }, {
      "columnValue" : {
        "insertable" : true,
        "updatable" : true,
        "defaultValue" : null,
        "type" : "user-defined"
      },
      "constraintList" : null,
      "fieldName" : "createdAt",
      "foreignKey" : false,
      "generatorType" : "assigned",
      "generatorValue" : null,
      "hidden" : false,
      "javaType" : "datetime",
      "length" : 0,
      "name" : "CreatedAt",
      "nullable" : true,
      "oldName" : "CreatedAt",
      "partOfAnyRelation" : false,
      "partOfForeignKey" : false,
      "partOfPrimaryKey" : false,
      "partOfUniqueKey" : false,
      "period" : false,
      "precision" : 0,
      "primaryKey" : false,
      "scale" : 0,
      "sequenceSchema" : null,
      "sqlType" : "datetime",
      "unique" : false
    } ],
    "constraints" : [ ],
    "entityName" : "ErrorLog",
    "filter" : null,
    "fullyQualifiedName" : "com.truboardpartners.textutil.textutil.ErrorLog",
    "ignoreRefreshAfterInsert" : false,
    "name" : "ErrorLog",
    "oldName" : "ErrorLog",
    "primaryKey" : {
      "columns" : [ "ErrorId" ],
      "composite" : false,
      "generator" : {
        "generatorType" : "identity",
        "generatorValue" : null,
        "schemaName" : null
      },
      "name" : "PK__ErrorLog__35856A2A44022D49",
      "virtual" : false
    },
    "relations" : [ ],
    "schema" : "dbo",
    "tableDataLockingOptions" : {
      "versionColumnName" : "VERSION",
      "lockingStrategy" : "NONE",
      "overrideStrategy" : "INHERIT"
    },
    "temporals" : [ ],
    "type" : "TABLE"
  }, {
    "catalog" : "textutil",
    "columns" : [ {
      "columnValue" : {
        "insertable" : true,
        "updatable" : true,
        "defaultValue" : null,
        "type" : "user-defined"
      },
      "constraintList" : null,
      "fieldName" : "projectId",
      "foreignKey" : false,
      "generatorType" : "identity",
      "generatorValue" : null,
      "hidden" : false,
      "javaType" : "integer",
      "length" : 0,
      "name" : "ProjectId",
      "nullable" : false,
      "oldName" : "ProjectId",
      "partOfAnyRelation" : false,
      "partOfForeignKey" : false,
      "partOfPrimaryKey" : true,
      "partOfUniqueKey" : true,
      "period" : false,
      "precision" : 10,
      "primaryKey" : true,
      "scale" : 0,
      "sequenceSchema" : null,
      "sqlType" : "number",
      "unique" : true
    }, {
      "columnValue" : {
        "insertable" : true,
        "updatable" : true,
        "defaultValue" : null,
        "type" : "user-defined"
      },
      "constraintList" : null,
      "fieldName" : "documentId",
      "foreignKey" : false,
      "generatorType" : "assigned",
      "generatorValue" : null,
      "hidden" : false,
      "javaType" : "string",
      "length" : 255,
      "name" : "DocumentId",
      "nullable" : true,
      "oldName" : "DocumentId",
      "partOfAnyRelation" : false,
      "partOfForeignKey" : false,
      "partOfPrimaryKey" : false,
      "partOfUniqueKey" : false,
      "period" : false,
      "precision" : 0,
      "primaryKey" : false,
      "scale" : 0,
      "sequenceSchema" : null,
      "sqlType" : "string",
      "unique" : false
    }, {
      "columnValue" : {
        "insertable" : true,
        "updatable" : true,
        "defaultValue" : null,
        "type" : "user-defined"
      },
      "constraintList" : null,
      "fieldName" : "documentName",
      "foreignKey" : false,
      "generatorType" : "assigned",
      "generatorValue" : null,
      "hidden" : false,
      "javaType" : "string",
      "length" : 255,
      "name" : "DocumentName",
      "nullable" : true,
      "oldName" : "DocumentName",
      "partOfAnyRelation" : false,
      "partOfForeignKey" : false,
      "partOfPrimaryKey" : false,
      "partOfUniqueKey" : false,
      "period" : false,
      "precision" : 0,
      "primaryKey" : false,
      "scale" : 0,
      "sequenceSchema" : null,
      "sqlType" : "string",
      "unique" : false
    }, {
      "columnValue" : {
        "insertable" : true,
        "updatable" : true,
        "defaultValue" : null,
        "type" : "user-defined"
      },
      "constraintList" : null,
      "fieldName" : "status",
      "foreignKey" : false,
      "generatorType" : "assigned",
      "generatorValue" : null,
      "hidden" : false,
      "javaType" : "integer",
      "length" : 0,
      "name" : "Status",
      "nullable" : true,
      "oldName" : "Status",
      "partOfAnyRelation" : false,
      "partOfForeignKey" : false,
      "partOfPrimaryKey" : false,
      "partOfUniqueKey" : false,
      "period" : false,
      "precision" : 10,
      "primaryKey" : false,
      "scale" : 0,
      "sequenceSchema" : null,
      "sqlType" : "number",
      "unique" : false
    }, {
      "columnValue" : {
        "insertable" : true,
        "updatable" : true,
        "defaultValue" : null,
        "type" : "user-defined"
      },
      "constraintList" : null,
      "fieldName" : "clientId",
      "foreignKey" : false,
      "generatorType" : "assigned",
      "generatorValue" : null,
      "hidden" : false,
      "javaType" : "integer",
      "length" : 0,
      "name" : "ClientId",
      "nullable" : true,
      "oldName" : "ClientId",
      "partOfAnyRelation" : false,
      "partOfForeignKey" : false,
      "partOfPrimaryKey" : false,
      "partOfUniqueKey" : false,
      "period" : false,
      "precision" : 10,
      "primaryKey" : false,
      "scale" : 0,
      "sequenceSchema" : null,
      "sqlType" : "number",
      "unique" : false
    }, {
      "columnValue" : {
        "insertable" : true,
        "updatable" : true,
        "defaultValue" : null,
        "type" : "user-defined"
      },
      "constraintList" : null,
      "fieldName" : "clientName",
      "foreignKey" : false,
      "generatorType" : "assigned",
      "generatorValue" : null,
      "hidden" : false,
      "javaType" : "string",
      "length" : 255,
      "name" : "ClientName",
      "nullable" : true,
      "oldName" : "ClientName",
      "partOfAnyRelation" : false,
      "partOfForeignKey" : false,
      "partOfPrimaryKey" : false,
      "partOfUniqueKey" : false,
      "period" : false,
      "precision" : 0,
      "primaryKey" : false,
      "scale" : 0,
      "sequenceSchema" : null,
      "sqlType" : "string",
      "unique" : false
    }, {
      "columnValue" : {
        "insertable" : true,
        "updatable" : true,
        "defaultValue" : null,
        "type" : "user-defined"
      },
      "constraintList" : null,
      "fieldName" : "contractName",
      "foreignKey" : false,
      "generatorType" : "assigned",
      "generatorValue" : null,
      "hidden" : false,
      "javaType" : "string",
      "length" : 255,
      "name" : "ContractName",
      "nullable" : true,
      "oldName" : "ContractName",
      "partOfAnyRelation" : false,
      "partOfForeignKey" : false,
      "partOfPrimaryKey" : false,
      "partOfUniqueKey" : false,
      "period" : false,
      "precision" : 0,
      "primaryKey" : false,
      "scale" : 0,
      "sequenceSchema" : null,
      "sqlType" : "string",
      "unique" : false
    }, {
      "columnValue" : {
        "insertable" : true,
        "updatable" : true,
        "defaultValue" : null,
        "type" : "user-defined"
      },
      "constraintList" : null,
      "fieldName" : "createdBy",
      "foreignKey" : false,
      "generatorType" : "assigned",
      "generatorValue" : null,
      "hidden" : false,
      "javaType" : "string",
      "length" : 255,
      "name" : "createdBy",
      "nullable" : true,
      "oldName" : "createdBy",
      "partOfAnyRelation" : false,
      "partOfForeignKey" : false,
      "partOfPrimaryKey" : false,
      "partOfUniqueKey" : false,
      "period" : false,
      "precision" : 0,
      "primaryKey" : false,
      "scale" : 0,
      "sequenceSchema" : null,
      "sqlType" : "string",
      "unique" : false
    }, {
      "columnValue" : {
        "insertable" : true,
        "updatable" : true,
        "defaultValue" : null,
        "type" : "user-defined"
      },
      "constraintList" : null,
      "fieldName" : "createdAt",
      "foreignKey" : false,
      "generatorType" : "assigned",
      "generatorValue" : null,
      "hidden" : false,
      "javaType" : "datetime",
      "length" : 0,
      "name" : "CreatedAt",
      "nullable" : true,
      "oldName" : "CreatedAt",
      "partOfAnyRelation" : false,
      "partOfForeignKey" : false,
      "partOfPrimaryKey" : false,
      "partOfUniqueKey" : false,
      "period" : false,
      "precision" : 0,
      "primaryKey" : false,
      "scale" : 0,
      "sequenceSchema" : null,
      "sqlType" : "datetime",
      "unique" : false
    }, {
      "columnValue" : {
        "insertable" : true,
        "updatable" : true,
        "defaultValue" : null,
        "type" : "user-defined"
      },
      "constraintList" : null,
      "fieldName" : "lastmodifieddate",
      "foreignKey" : false,
      "generatorType" : "assigned",
      "generatorValue" : null,
      "hidden" : false,
      "javaType" : "datetime",
      "length" : 0,
      "name" : "Lastmodifieddate",
      "nullable" : true,
      "oldName" : "Lastmodifieddate",
      "partOfAnyRelation" : false,
      "partOfForeignKey" : false,
      "partOfPrimaryKey" : false,
      "partOfUniqueKey" : false,
      "period" : false,
      "precision" : 0,
      "primaryKey" : false,
      "scale" : 0,
      "sequenceSchema" : null,
      "sqlType" : "datetime",
      "unique" : false
    }, {
      "columnValue" : {
        "insertable" : true,
        "updatable" : true,
        "defaultValue" : null,
        "type" : "user-defined"
      },
      "constraintList" : null,
      "fieldName" : "documentType",
      "foreignKey" : false,
      "generatorType" : "assigned",
      "generatorValue" : null,
      "hidden" : false,
      "javaType" : "string",
      "length" : 255,
      "name" : "DocumentType",
      "nullable" : true,
      "oldName" : "DocumentType",
      "partOfAnyRelation" : false,
      "partOfForeignKey" : false,
      "partOfPrimaryKey" : false,
      "partOfUniqueKey" : false,
      "period" : false,
      "precision" : 0,
      "primaryKey" : false,
      "scale" : 0,
      "sequenceSchema" : null,
      "sqlType" : "string",
      "unique" : false
    } ],
    "constraints" : [ ],
    "entityName" : "Projects",
    "filter" : null,
    "fullyQualifiedName" : "com.truboardpartners.textutil.textutil.Projects",
    "ignoreRefreshAfterInsert" : false,
    "name" : "Projects",
    "oldName" : "Projects",
    "primaryKey" : {
      "columns" : [ "ProjectId" ],
      "composite" : false,
      "generator" : {
        "generatorType" : "identity",
        "generatorValue" : null,
        "schemaName" : null
      },
      "name" : "PK__Projects__761ABEF01973108C",
      "virtual" : false
    },
    "relations" : [ ],
    "schema" : "dbo",
    "tableDataLockingOptions" : {
      "versionColumnName" : "VERSION",
      "lockingStrategy" : "NONE",
      "overrideStrategy" : "INHERIT"
    },
    "temporals" : [ ],
    "type" : "TABLE"
  }, {
    "catalog" : "textutil",
    "columns" : [ {
      "columnValue" : {
        "insertable" : true,
        "updatable" : true,
        "defaultValue" : null,
        "type" : "user-defined"
      },
      "constraintList" : null,
      "fieldName" : "projectStatusId",
      "foreignKey" : false,
      "generatorType" : "identity",
      "generatorValue" : null,
      "hidden" : false,
      "javaType" : "integer",
      "length" : 0,
      "name" : "ProjectStatusId",
      "nullable" : false,
      "oldName" : "ProjectStatusId",
      "partOfAnyRelation" : false,
      "partOfForeignKey" : false,
      "partOfPrimaryKey" : true,
      "partOfUniqueKey" : true,
      "period" : false,
      "precision" : 10,
      "primaryKey" : true,
      "scale" : 0,
      "sequenceSchema" : null,
      "sqlType" : "number",
      "unique" : true
    }, {
      "columnValue" : {
        "insertable" : true,
        "updatable" : true,
        "defaultValue" : null,
        "type" : "user-defined"
      },
      "constraintList" : null,
      "fieldName" : "stepName",
      "foreignKey" : false,
      "generatorType" : "assigned",
      "generatorValue" : null,
      "hidden" : false,
      "javaType" : "string",
      "length" : 255,
      "name" : "StepName",
      "nullable" : true,
      "oldName" : "StepName",
      "partOfAnyRelation" : false,
      "partOfForeignKey" : false,
      "partOfPrimaryKey" : false,
      "partOfUniqueKey" : false,
      "period" : false,
      "precision" : 0,
      "primaryKey" : false,
      "scale" : 0,
      "sequenceSchema" : null,
      "sqlType" : "string",
      "unique" : false
    }, {
      "columnValue" : {
        "insertable" : true,
        "updatable" : true,
        "defaultValue" : null,
        "type" : "user-defined"
      },
      "constraintList" : null,
      "fieldName" : "stepStatus",
      "foreignKey" : false,
      "generatorType" : "assigned",
      "generatorValue" : null,
      "hidden" : false,
      "javaType" : "string",
      "length" : 255,
      "name" : "StepStatus",
      "nullable" : true,
      "oldName" : "StepStatus",
      "partOfAnyRelation" : false,
      "partOfForeignKey" : false,
      "partOfPrimaryKey" : false,
      "partOfUniqueKey" : false,
      "period" : false,
      "precision" : 0,
      "primaryKey" : false,
      "scale" : 0,
      "sequenceSchema" : null,
      "sqlType" : "string",
      "unique" : false
    }, {
      "columnValue" : {
        "insertable" : true,
        "updatable" : true,
        "defaultValue" : null,
        "type" : "user-defined"
      },
      "constraintList" : null,
      "fieldName" : "projectId",
      "foreignKey" : true,
      "generatorType" : "assigned",
      "generatorValue" : null,
      "hidden" : false,
      "javaType" : "integer",
      "length" : 0,
      "name" : "ProjectId",
      "nullable" : false,
      "oldName" : "ProjectId",
      "partOfAnyRelation" : true,
      "partOfForeignKey" : true,
      "partOfPrimaryKey" : false,
      "partOfUniqueKey" : false,
      "period" : false,
      "precision" : 10,
      "primaryKey" : false,
      "scale" : 0,
      "sequenceSchema" : null,
      "sqlType" : "number",
      "unique" : false
    } ],
    "constraints" : [ ],
    "entityName" : "ProjectStatus",
    "filter" : null,
    "fullyQualifiedName" : "com.truboardpartners.textutil.textutil.ProjectStatus",
    "ignoreRefreshAfterInsert" : false,
    "name" : "ProjectStatus",
    "oldName" : "ProjectStatus",
    "primaryKey" : {
      "columns" : [ "ProjectStatusId" ],
      "composite" : false,
      "generator" : {
        "generatorType" : "identity",
        "generatorValue" : null,
        "schemaName" : null
      },
      "name" : "PK__ProjectS__F3B67D4D66274A2F",
      "virtual" : false
    },
    "relations" : [ {
      "cardinality" : "ManyToOne",
      "cascadeEnabled" : false,
      "cascadeOptions" : {
        "cascadeRemove" : "NONE",
        "cascadeReplace" : true
      },
      "columnsUniqueKey" : false,
      "composite" : false,
      "fetchOptions" : {
        "fetch" : true,
        "columnsFilter" : [ ]
      },
      "fieldName" : "projects",
      "ignored" : false,
      "mappings" : [ {
        "sourceColumn" : "ProjectId",
        "targetColumn" : "ProjectId"
      } ],
      "name" : "FK__ProjectSt__Proje__5EBF139D",
      "parentFetchOptions" : {
        "fetch" : false,
        "columnsFilter" : [ ]
      },
      "primary" : true,
      "selfRelation" : false,
      "sourceColumnsNotUniqueKey" : true,
      "sourceTable" : "ProjectStatus",
      "targetColumnsUniqueKey" : false,
      "targetTable" : "Projects",
      "valid" : true,
      "virtual" : false
    } ],
    "schema" : "dbo",
    "tableDataLockingOptions" : {
      "versionColumnName" : "VERSION",
      "lockingStrategy" : "NONE",
      "overrideStrategy" : "INHERIT"
    },
    "temporals" : [ ],
    "type" : "TABLE"
  }, {
    "catalog" : "textutil",
    "columns" : [ {
      "columnValue" : {
        "insertable" : true,
        "updatable" : true,
        "defaultValue" : null,
        "type" : "user-defined"
      },
      "constraintList" : null,
      "fieldName" : "statusMasterId",
      "foreignKey" : false,
      "generatorType" : "identity",
      "generatorValue" : null,
      "hidden" : false,
      "javaType" : "integer",
      "length" : 0,
      "name" : "StatusMasterId",
      "nullable" : false,
      "oldName" : "StatusMasterId",
      "partOfAnyRelation" : false,
      "partOfForeignKey" : false,
      "partOfPrimaryKey" : true,
      "partOfUniqueKey" : true,
      "period" : false,
      "precision" : 10,
      "primaryKey" : true,
      "scale" : 0,
      "sequenceSchema" : null,
      "sqlType" : "number",
      "unique" : true
    }, {
      "columnValue" : {
        "insertable" : true,
        "updatable" : true,
        "defaultValue" : null,
        "type" : "user-defined"
      },
      "constraintList" : null,
      "fieldName" : "statusName",
      "foreignKey" : false,
      "generatorType" : "assigned",
      "generatorValue" : null,
      "hidden" : false,
      "javaType" : "string",
      "length" : 255,
      "name" : "StatusName",
      "nullable" : true,
      "oldName" : "StatusName",
      "partOfAnyRelation" : false,
      "partOfForeignKey" : false,
      "partOfPrimaryKey" : false,
      "partOfUniqueKey" : false,
      "period" : false,
      "precision" : 0,
      "primaryKey" : false,
      "scale" : 0,
      "sequenceSchema" : null,
      "sqlType" : "string",
      "unique" : false
    } ],
    "constraints" : [ ],
    "entityName" : "StatusMaster",
    "filter" : null,
    "fullyQualifiedName" : "com.truboardpartners.textutil.textutil.StatusMaster",
    "ignoreRefreshAfterInsert" : false,
    "name" : "StatusMaster",
    "oldName" : "StatusMaster",
    "primaryKey" : {
      "columns" : [ "StatusMasterId" ],
      "composite" : false,
      "generator" : {
        "generatorType" : "identity",
        "generatorValue" : null,
        "schemaName" : null
      },
      "name" : "PK__StatusMa__BDD19F61B3968184",
      "virtual" : false
    },
    "relations" : [ ],
    "schema" : "dbo",
    "tableDataLockingOptions" : {
      "versionColumnName" : "VERSION",
      "lockingStrategy" : "NONE",
      "overrideStrategy" : "INHERIT"
    },
    "temporals" : [ ],
    "type" : "TABLE"
  } ]
}