{
  "appNotification" : {
    "_id" : "wm-appErrorHandler-wm.NotificationVariable-1454664620943",
    "name" : "appNotification",
    "owner" : "App",
    "category" : "wm.NotificationVariable",
    "dataBinding" : [ {
      "target" : "class",
      "value" : "Error",
      "type" : "list"
    }, {
      "target" : "toasterPosition",
      "value" : "bottom right",
      "type" : "list"
    } ],
    "operation" : "toast"
  },
  "goToPage_Main" : {
    "_id" : "wm-wm.NavigationVariable1389180517517",
    "name" : "goToPage_Main",
    "owner" : "App",
    "category" : "wm.NavigationVariable",
    "operation" : "gotoPage",
    "pageName" : "Main"
  },
  "goToPage_ProjectsCreateProject" : {
    "_id" : "wm-goToPage_ProjectsCreateProject-wm.NavigationVariable-1637918711226",
    "name" : "goToPage_ProjectsCreateProject",
    "owner" : "App",
    "category" : "wm.NavigationVariable",
    "dataBinding" : [ ],
    "operation" : "gotoPage",
    "pageName" : "ProjectsCreateProject",
    "dataSet" : [ ],
    "pageTransitions" : "none"
  },
  "goToPage_ProjectsCreateProjectForm" : {
    "_id" : "wm-goToPage_ProjectsCreateProjectForm-wm.NavigationVariable-1637925354390",
    "name" : "goToPage_ProjectsCreateProjectForm",
    "owner" : "App",
    "category" : "wm.NavigationVariable",
    "dataBinding" : [ ],
    "operation" : "gotoPage",
    "pageName" : "ProjectsCreateProjectForm",
    "dataSet" : [ ],
    "pageTransitions" : "none"
  },
  "goToPage_ProjectsViewCreateProject" : {
    "_id" : "wm-goToPage_ProjectsViewCreateProject-wm.NavigationVariable-1638153126197",
    "name" : "goToPage_ProjectsViewCreateProject",
    "owner" : "App",
    "category" : "wm.NavigationVariable",
    "dataBinding" : [ ],
    "operation" : "gotoPage",
    "pageName" : "ProjectsViewCreateProject",
    "dataSet" : [ ],
    "pageTransitions" : "none"
  },
  "goToPage_TestAPI" : {
    "_id" : "wm-goToPage_TestAPI-wm.NavigationVariable-1639986670291",
    "name" : "goToPage_TestAPI",
    "owner" : "App",
    "category" : "wm.NavigationVariable",
    "dataBinding" : [ ],
    "operation" : "gotoPage",
    "pageName" : "TestAPI",
    "dataSet" : [ ],
    "pageTransitions" : "none"
  },
  "supportedLocale" : {
    "_id" : "wm-wm.Variable1402640443182",
    "name" : "supportedLocale",
    "owner" : "App",
    "category" : "wm.Variable",
    "dataSet" : {
      "en" : "English"
    },
    "type" : "string",
    "isList" : false,
    "saveInPhonegap" : false
  }
}