{
  "endpointAddress" : "https://3.7.249.68/documents",
  "method" : "POST",
  "headers" : { },
  "redirectEnabled" : true,
  "requestBody" : "",
  "queryParams" : { },
  "authDetails" : null,
  "contentType" : "multipart/form-data",
  "multiParamInfoList" : [ {
    "type" : "STRING",
    "name" : "contract_name",
    "list" : false,
    "testValue" : "SLR",
    "contentType" : null
  }, {
    "type" : "STRING",
    "name" : "document_name",
    "list" : false,
    "testValue" : "YBL-SLR - Rupee Term Loan Agreement - Execution Version",
    "contentType" : null
  }, {
    "type" : "STRING",
    "name" : "document_type",
    "list" : false,
    "testValue" : "docx",
    "contentType" : null
  }, {
    "type" : "FILE",
    "name" : "file",
    "list" : true,
    "testValue" : null,
    "contentType" : null
  } ],
  "sampleHttpResponseDetails" : {
    "statusCode" : 200,
    "headers" : {
      "Server" : [ "nginx/1.18.0 (Ubuntu)" ],
      "Date" : [ "Mon, 06 Dec 2021 07:37:07 GMT" ],
      "Content-Type" : [ "application/json" ],
      "Content-Length" : [ "76" ],
      "Connection" : [ "keep-alive" ]
    },
    "responseBody" : "{\"message\":\"Your document id is 384fae42c80fb086b6afe3cd5d6e260a7ad586d9\"}",
    "convertedResponse" : null
  }
}