<?xml version="1.0" encoding="UTF-8" standalone="yes"?>
<!--
      This is a Studio Managed File. DO NOT EDIT THIS FILE. Your changes may be reverted by Studio.
      Use project-user-spring.xml for adding new beans or overriding existing beans.
    -->
<beans xsi:schemaLocation="http://www.springframework.org/schema/beans http://www.springframework.org/schema/beans/spring-beans.xsd http://www.springframework.org/schema/mvc
http://www.springframework.org/schema/mvc/spring-mvc.xsd http://www.springframework.org/schema/context http://www.springframework.org/schema/context/spring-context.xsd
http://www.springframework.org/schema/tx http://www.springframework.org/schema/tx/spring-tx.xsd http://www.springframework.org/schema/security http://www.springframework.org/schema/security/spring-security.xsd"
xmlns="http://www.springframework.org/schema/beans" xmlns:security="http://www.springframework.org/schema/security" xmlns:xsi="http://www.w3.org/2001/XMLSchema-instance">
    <bean class="com.wavemaker.runtime.rest.model.RestServiceInfoBean" id="ClassifyRestServiceServiceInfo">
            <property name="serviceName" value="ClassifyRestService"/>
            <property name="restRuntimeConfig" ref="appDefaultRestRuntimeConfig"/>
            <property name="entryList">
                <list>
                    <bean class="com.wavemaker.runtime.rest.model.RestServiceInfoBeanEntry">
                         <property name="url" value="/ClassifyRestService/classify"/>
                         <property name="httpMethod" value="POST"/>
                    </bean>
                </list>
            </property>
    </bean>
</beans>
