{
  "breadcrumbVariable" : {
    "_id" : "wm-breadcrumbVariable-wm.Variable-1639396422864",
    "name" : "breadcrumbVariable",
    "owner" : "Page",
    "category" : "wm.Variable",
    "dataBinding" : [ ],
    "dataSet" : [ {
      "label" : "Projects",
      "icon" : "glyphicon glyphicon-home",
      "link" : "#/ProjectsCreateProject",
      "id" : "ProjectsCreateProject",
      "children" : [ {
        "label" : "Project Create",
        "icon" : "wi wi-ellipsis-v",
        "link" : "#/ProjectsCreateProjectForm",
        "id" : "ProjectsCreateProjectForm"
      }, {
        "label" : "View Project",
        "icon" : "wi wi-euro-symbol",
        "link" : "#/ProjectsViewCreateProject",
        "id" : "ProjectsViewCreateProject"
      } ]
    } ],
    "type" : "entry",
    "isList" : true,
    "twoWayBinding" : false,
    "saveInPhonegap" : false
  },
  "executeViewProjects" : {
    "_id" : "wm-executeViewProjects-wm.ServiceVariable-1640092463184",
    "name" : "executeViewProjects",
    "owner" : "Page",
    "category" : "wm.ServiceVariable",
    "dataBinding" : [ {
      "target" : "documentType",
      "value" : "bind:Widgets.select1.displayValue",
      "type" : "string"
    }, {
      "target" : "documentName",
      "value" : "bind:Widgets.select2.displayValue",
      "type" : "string"
    } ],
    "type" : "com.truboardpartners.textutil.textutil.models.procedure.ViewProjectsResponse",
    "service" : "textutil",
    "operation" : "executeViewProjects",
    "operationId" : "ProcedureExecutionController_executeViewProjects",
    "operationType" : "get",
    "serviceType" : "DataService",
    "dataSet" : [ ],
    "isList" : false,
    "maxResults" : 20,
    "startUpdate" : true,
    "autoUpdate" : true,
    "inFlightBehavior" : "executeLast",
    "transformationRequired" : false,
    "saveInPhonegap" : false,
    "controller" : "ProcedureExecution"
  },
  "GetCovenantsInvoke" : {
    "_id" : "wm-GetCovenantsInvoke-wm.ServiceVariable-1637991310646",
    "name" : "GetCovenantsInvoke",
    "owner" : "Page",
    "category" : "wm.ServiceVariable",
    "dataBinding" : [ {
      "target" : "document_id",
      "value" : "520ba11e6d91090640ce828310aec34bd3b6fafb",
      "type" : "java.lang.String"
    } ],
    "type" : "getCovenants.RootResponse",
    "service" : "getCovenants",
    "operation" : "invoke",
    "operationId" : "getCovenants_RestServiceVirtualController-invoke",
    "operationType" : "get",
    "serviceType" : "RestService",
    "dataSet" : [ ],
    "isList" : false,
    "maxResults" : 20,
    "startUpdate" : true,
    "autoUpdate" : false,
    "inFlightBehavior" : "executeLast",
    "transformationRequired" : false,
    "saveInPhonegap" : false,
    "isDefault" : true,
    "controller" : "RestServiceVirtual"
  },
  "getCovenantsService" : {
    "_id" : "wm-getCovenantsService-wm.ServiceVariable-1638159173050",
    "name" : "getCovenantsService",
    "owner" : "Page",
    "category" : "wm.ServiceVariable",
    "dataBinding" : [ {
      "target" : "document_id",
      "value" : "520ba11e6d91090640ce828310aec34bd3b6fafb",
      "type" : "string"
    } ],
    "type" : "getCovenants.RootResponse",
    "service" : "getCovenants",
    "operation" : "invoke",
    "operationId" : "getCovenants_RestServiceVirtualController-invoke",
    "operationType" : "get",
    "serviceType" : "RestService",
    "dataSet" : [ ],
    "isList" : false,
    "maxResults" : 20,
    "startUpdate" : true,
    "autoUpdate" : false,
    "inFlightBehavior" : "executeLast",
    "transformationRequired" : false,
    "saveInPhonegap" : false,
    "controller" : "RestServiceVirtual"
  },
  "ProjectsDB" : {
    "_id" : "wm-ProjectsDB-wm.LiveVariable-1640083451442",
    "name" : "ProjectsDB",
    "owner" : "Page",
    "category" : "wm.LiveVariable",
    "dataBinding" : [ ],
    "operation" : "read",
    "dataSet" : [ ],
    "type" : "Projects",
    "isList" : false,
    "saveInPhonegap" : false,
    "maxResults" : 200,
    "designMaxResults" : 10,
    "inFlightBehavior" : "executeLast",
    "startUpdate" : true,
    "autoUpdate" : false,
    "transformationRequired" : false,
    "liveSource" : "textutil",
    "ignoreCase" : true,
    "matchMode" : "startignorecase",
    "orderBy" : "projectId asc",
    "propertiesMap" : {
      "columns" : [ {
        "fieldName" : "projectId",
        "type" : "integer",
        "fullyQualifiedType" : "integer",
        "columnName" : "ProjectId",
        "isPrimaryKey" : true,
        "notNull" : true,
        "length" : 0,
        "precision" : 10,
        "generator" : "identity",
        "isRelated" : false,
        "scale" : 0
      }, {
        "fieldName" : "documentId",
        "type" : "string",
        "fullyQualifiedType" : "string",
        "columnName" : "DocumentId",
        "isPrimaryKey" : false,
        "notNull" : false,
        "length" : 255,
        "precision" : 0,
        "generator" : "assigned",
        "isRelated" : false,
        "scale" : 0
      }, {
        "fieldName" : "documentName",
        "type" : "string",
        "fullyQualifiedType" : "string",
        "columnName" : "DocumentName",
        "isPrimaryKey" : false,
        "notNull" : false,
        "length" : 255,
        "precision" : 0,
        "generator" : "assigned",
        "isRelated" : false,
        "scale" : 0
      }, {
        "fieldName" : "status",
        "type" : "integer",
        "fullyQualifiedType" : "integer",
        "columnName" : "Status",
        "isPrimaryKey" : false,
        "notNull" : false,
        "length" : 0,
        "precision" : 10,
        "generator" : "assigned",
        "isRelated" : false,
        "scale" : 0
      }, {
        "fieldName" : "clientId",
        "type" : "integer",
        "fullyQualifiedType" : "integer",
        "columnName" : "ClientId",
        "isPrimaryKey" : false,
        "notNull" : false,
        "length" : 0,
        "precision" : 10,
        "generator" : "assigned",
        "isRelated" : false,
        "scale" : 0
      }, {
        "fieldName" : "clientName",
        "type" : "string",
        "fullyQualifiedType" : "string",
        "columnName" : "ClientName",
        "isPrimaryKey" : false,
        "notNull" : false,
        "length" : 255,
        "precision" : 0,
        "generator" : "assigned",
        "isRelated" : false,
        "scale" : 0
      }, {
        "fieldName" : "contractName",
        "type" : "string",
        "fullyQualifiedType" : "string",
        "columnName" : "ContractName",
        "isPrimaryKey" : false,
        "notNull" : false,
        "length" : 255,
        "precision" : 0,
        "generator" : "assigned",
        "isRelated" : false,
        "scale" : 0
      }, {
        "fieldName" : "createdBy",
        "type" : "string",
        "fullyQualifiedType" : "string",
        "columnName" : "createdBy",
        "isPrimaryKey" : false,
        "notNull" : false,
        "length" : 255,
        "precision" : 0,
        "generator" : "assigned",
        "isRelated" : false,
        "scale" : 0
      }, {
        "fieldName" : "createdAt",
        "type" : "datetime",
        "fullyQualifiedType" : "datetime",
        "columnName" : "CreatedAt",
        "isPrimaryKey" : false,
        "notNull" : false,
        "length" : 0,
        "precision" : 0,
        "generator" : "assigned",
        "isRelated" : false,
        "scale" : 0
      }, {
        "fieldName" : "lastmodifieddate",
        "type" : "datetime",
        "fullyQualifiedType" : "datetime",
        "columnName" : "Lastmodifieddate",
        "isPrimaryKey" : false,
        "notNull" : false,
        "length" : 0,
        "precision" : 0,
        "generator" : "assigned",
        "isRelated" : false,
        "scale" : 0
      }, {
        "fieldName" : "documentType",
        "type" : "string",
        "fullyQualifiedType" : "string",
        "columnName" : "DocumentType",
        "isPrimaryKey" : false,
        "notNull" : false,
        "length" : 255,
        "precision" : 0,
        "generator" : "assigned",
        "isRelated" : false,
        "scale" : 0
      } ],
      "entityName" : "Projects",
      "fullyQualifiedName" : "com.truboardpartners.textutil.textutil.Projects",
      "tableType" : "TABLE",
      "primaryFields" : [ "projectId" ]
    },
    "bindCount" : 2,
    "tableName" : "Projects",
    "tableType" : "TABLE",
    "properties" : [ ],
    "relatedTables" : [ ],
    "filterFields" : { },
    "filterExpressions" : {
      "condition" : "AND",
      "rules" : [ {
        "target" : "",
        "type" : "string",
        "matchMode" : "anywhereignorecase",
        "value" : "",
        "required" : false,
        "secondvalue" : ""
      } ]
    },
    "package" : "com.truboardpartners.textutil.textutil.Projects"
  }
}
