{
  "breadcrumbVariable" : {
    "_id" : "wm-breadcrumbVariable-wm.Variable-1639397052573",
    "name" : "breadcrumbVariable",
    "owner" : "Page",
    "category" : "wm.Variable",
    "dataBinding" : [ ],
    "dataSet" : [ {
      "label" : "Projects",
      "icon" : "glyphicon glyphicon-home",
      "link" : "#/ProjectsCreateProject",
      "id" : "ProjectsCreateProject"
    }, {
      "label" : "Project Create",
      "icon" : "wi wi-ellipsis-v",
      "link" : "#/ProjectsCreateProjectForm",
      "id" : "ProjectsCreateProjectForm"
    } ],
    "type" : "entry",
    "isList" : true,
    "twoWayBinding" : false,
    "saveInPhonegap" : false
  },
  "executeCreateProject" : {
    "_id" : "wm-executeCreateProject-wm.ServiceVariable-1640093941929",
    "name" : "executeCreateProject",
    "owner" : "Page",
    "category" : "wm.ServiceVariable",
    "dataBinding" : [ {
      "target" : "contractName",
      "value" : "bind:Widgets.contractNameTextBox.datavalue",
      "type" : "string"
    } ],
    "service" : "textutil",
    "operation" : "executeCreateProject",
    "operationId" : "ProcedureExecutionController_executeCreateProject",
    "operationType" : "post",
    "serviceType" : "DataService",
    "dataSet" : [ ],
    "isList" : false,
    "maxResults" : 20,
    "onSuccess" : "executeCreateProjectonSuccess(variable, data, options)",
    "startUpdate" : false,
    "autoUpdate" : false,
    "inFlightBehavior" : "executeLast",
    "transformationRequired" : false,
    "saveInPhonegap" : false,
    "controller" : "ProcedureExecution"
  }
}
