{
  "swagger" : "2.0",
  "info" : {
    "version" : "2.0",
    "x-WM-USE_PROXY_FOR_WEB" : true,
    "x-WM-USE_PROXY_FOR_MOBILE" : true,
    "x-WM-API_ID" : "219087f1-185f-49b1-ae8f-d4016e1dd5f4",
    "x-WM-SERVICE_ID" : "restService3",
    "x-WM-SERVICE_TYPE" : "RestService",
    "x-WM-USE_WITH_CREDENTIALS" : false
  },
  "host" : "3.7.249.68",
  "basePath" : "",
  "tags" : [ {
    "name" : "RestServiceVirtualController",
    "description" : "Rest service swagger documentation"
  } ],
  "schemes" : [ "https" ],
  "paths" : {
    "/getCovenants/covenants" : {
      "get" : {
        "tags" : [ "RestServiceVirtualController" ],
        "operationId" : "getCovenants_RestServiceVirtualController-invoke",
        "consumes" : [ "application/json" ],
        "produces" : [ "application/json" ],
        "parameters" : [ {
          "name" : "document_id",
          "in" : "query",
          "description" : "document_id",
          "required" : false,
          "type" : "string",
          "format" : "string",
          "x-WM-VARIABLE_KEY" : "",
          "x-WM-EDITABLE" : false,
          "x-WM-VARIABLE_TYPE" : "PROMPT"
        } ],
        "responses" : {
          "200" : {
            "description" : "Success",
            "schema" : {
              "$ref" : "#/definitions/RootResponse"
            }
          }
        },
        "x-WM-METHOD_NAME" : "invoke",
        "x-WM-ACCESS_SPECIFIER" : "APP_ONLY"
      },
      "x-WM-BASE_PATH" : "/getCovenants/covenants",
      "x-WM-TAG" : "RestServiceVirtualController",
      "x-WM-RELATIVE_PATH" : "",
      "x-WM-COMPLETE_PATH" : "${rest.getCovenants.scheme}://${rest.getCovenants.host}${rest.getCovenants.basepath}/covenants"
    }
  },
  "definitions" : {
    "RootResponse" : {
      "required" : [ "result" ],
      "properties" : {
        "result" : {
          "$ref" : "#/definitions/Response.result"
        }
      },
      "x-WM-FULLY_QUALIFIED_NAME" : "getCovenants.RootResponse",
      "x-WM-TAGS" : [ "RestServiceVirtualController" ]
    },
    "Response.result" : {
      "required" : [ "elapsed", "errors", "secdf" ],
      "properties" : {
        "secdf" : {
          "type" : "string"
        },
        "elapsed" : {
          "type" : "number",
          "format" : "double"
        },
        "errors" : {
          "type" : "string"
        }
      },
      "x-WM-FULLY_QUALIFIED_NAME" : "getCovenants.Response.result",
      "x-WM-TAGS" : [ "RestServiceVirtualController" ]
    }
  }
}