<?xml version="1.0" encoding="utf-8"?>
<!--
      This is a Studio Managed File. DO NOT EDIT THIS FILE. Your changes may be reverted by Studio.
      Use project-user-spring.xml for adding new beans or overriding existing beans.
    -->
<beans xmlns="http://www.springframework.org/schema/beans"
       xmlns:context="http://www.springframework.org/schema/context"
       xmlns:xsi="http://www.w3.org/2001/XMLSchema-instance" xmlns:tx="http://www.springframework.org/schema/tx"
       xsi:schemaLocation="http://www.springframework.org/schema/beans http://www.springframework.org/schema/beans/spring-beans.xsd   http://www.springframework.org/schema/context http://www.springframework.org/schema/context/spring-context.xsd http://www.springframework.org/schema/tx http://www.springframework.org/schema/tx/spring-tx.xsd">

    <context:component-scan base-package="com.truboardpartners.textutil.textutil.controller,com.truboardpartners.textutil.textutil.service,com.truboardpartners.textutil.textutil.dao"/>

    <bean id="textutilHikariConfig" class="com.zaxxer.hikari.HikariConfig">
        <property name="jdbcUrl" value="${db.textutil.url}"/>
        <property name="driverClassName" value="${db.textutil.driverClass}"/>
        <property name="username" value="${db.textutil.username}"/>
        <property name="password" value="${db.textutil.password}"/>
        <property name="maximumPoolSize" value="${db.textutil.maxPoolSize}"/>
        <property name="minimumIdle" value="${db.textutil.minPoolSize}"/>
        <property name="connectionTimeout" value="30000" />
        <property name="validationTimeout" value="5000" />
        <property name="idleTimeout" value="600000" />
        <property name="maxLifetime" value="1800000" />
        <property name="initializationFailTimeout" value="-1" />
        <property name="leakDetectionThreshold" value="120000" />
        <property name="registerMbeans" value="false" />
    </bean>

    <bean id="textutilWMManagedDataSource" class="com.zaxxer.hikari.HikariDataSource" destroy-method="close" lazy-init="true">
        <constructor-arg ref="textutilHikariConfig"/>
    </bean>

    <bean id="textutilEntityInterceptor" class="com.wavemaker.runtime.data.interceptors.WMEntityInterceptor"/>

    <bean id="textutilSessionFactory" class="org.springframework.orm.hibernate5.LocalSessionFactoryBean">
        <property name="dataSource" ref="textutilDataSource"/>
        <property name="packagesToScan" value="com.truboardpartners.textutil.textutil"/>
        <property name="entityInterceptor" ref="textutilEntityInterceptor"/>
        <property name="entityTypeFilters" ref="nonHistoryEntitiesFilter"/>
        <property name="mappingResources">
            <list>
                <value>
                textutil-queries.hbm.xml
                </value>
            </list>
        </property>

        <property name="hibernateProperties" ref="textutilHibernateProperties"/>
    </bean>
    <bean id="textutilTransactionManager" class="org.springframework.orm.hibernate5.HibernateTransactionManager">
        <property name="sessionFactory" ref="textutilSessionFactory"/>
        <property name="defaultTimeout" value="${db.textutil.transactionTimeout}"/>
    </bean>
    <bean id="textutilTemplate" class="org.springframework.orm.hibernate5.HibernateTemplate">
        <property name="sessionFactory" ref="textutilSessionFactory"/>
    </bean>
    
    <bean id="textutilWMQLTypeHelper" class="com.wavemaker.runtime.data.dao.query.types.wmql.WMQLSqlServerTypeHelper" lazy-init="false" />
    
    <bean id="textutilWMQueryExecutor" class="com.wavemaker.runtime.data.dao.query.WMQueryExecutorImpl">
        <property name="template" ref="textutilTemplate"/>
    </bean>
    <bean id="textutilWMProcedureExecutor" class="com.wavemaker.runtime.data.dao.procedure.WMProcedureExecutorImpl">
        <property name="template" ref="textutilTemplate"/>
        <property name="serviceId" value="textutil"/>
    </bean>

    <bean id="textutilHibernateProperties" class="org.springframework.beans.factory.config.PropertiesFactoryBean">
        <property name="properties">
            <props>
                <prop key="hibernate.dialect">
                ${db.textutil.dialect}
                </prop>
                    <prop key="hibernate.default_schema">
                    `${db.textutil.schemaName}`
                    </prop>
                <prop key="hibernate.show_sql">
                    false
                </prop>
                <prop key="hibernate.globally_quoted_identifiers">
                    false
                </prop>
                <prop key="hibernate.hbm2ddl.auto">
                ${db.textutil.hbm2ddl}
                </prop>
                <prop key="hibernate.temp.use_jdbc_metadata_defaults">
                    false
                </prop>
                <prop key="hibernate.schema_update.unique_constraint_strategy">
                    skip
                </prop>
            </props>
        </property>
    </bean>

    <bean id="textutilPageableHandlerMethodResolver" class="com.wavemaker.runtime.resolver.WMPageableHandlerMethodArgumentResolver" >
        <property name="pageParameterName" value="page"/>
        <property name="sizeParameterName" value="size"/>
        <property name="oneIndexedParameters" value="true"/>
        <property name="maxPageSize" value="${db.textutil.maxPageSize}"/>
    </bean>

    <bean id="textutilDataSource" class="com.wavemaker.runtime.data.datasource.WMDataSource">
        <property name="dataSourceType" value="${db.textutil.dataSourceType}"/>
        <property name="jndiName" value="${db.textutil.jndiName}"/>
        <property name="serviceId" value="textutil"/>
    </bean>


    <tx:annotation-driven/>

</beans>

