{
  "GetProjectStatusForTable" : {
    "procedureString" : "EXEC dbo.GetProjectStatusForTable @projectId= ?",
    "parameters" : [ {
      "name" : "projectId",
      "type" : "integer",
      "list" : false,
      "variableType" : "PROMPT",
      "variableName" : "",
      "testValue" : "3",
      "required" : true,
      "parameterType" : "IN"
    } ]
  },
  "UploadOnSuccessChangeStatus" : {
    "procedureString" : "EXEC dbo.UploadOnSuccessChangeStatus @docid= ?,@status= ?",
    "parameters" : [ {
      "name" : "docid",
      "type" : "string",
      "list" : false,
      "variableType" : "PROMPT",
      "variableName" : "",
      "testValue" : "1",
      "required" : true,
      "parameterType" : "IN"
    }, {
      "name" : "status",
      "type" : "string",
      "list" : false,
      "variableType" : "PROMPT",
      "variableName" : "",
      "testValue" : "ok",
      "required" : true,
      "parameterType" : "IN"
    } ]
  },
  "UpdateStatus" : {
    "procedureString" : "EXEC dbo.UpdateStatus @projectId= ?,@stepName= ?",
    "parameters" : [ {
      "name" : "projectId",
      "type" : "integer",
      "list" : false,
      "variableType" : "PROMPT",
      "variableName" : "",
      "testValue" : "3",
      "required" : true,
      "parameterType" : "IN"
    }, {
      "name" : "stepName",
      "type" : "string",
      "list" : false,
      "variableType" : "PROMPT",
      "variableName" : "",
      "testValue" : "Upload Document",
      "required" : true,
      "parameterType" : "IN"
    } ]
  },
  "UpdateDocIdonUpload" : {
    "procedureString" : "EXEC dbo.UpdateDocIdonUpload @documentId= ?,@projectId= ?",
    "parameters" : [ {
      "name" : "documentId",
      "type" : "string",
      "list" : false,
      "variableType" : "PROMPT",
      "variableName" : "",
      "testValue" : "1",
      "required" : true,
      "parameterType" : "IN"
    }, {
      "name" : "projectId",
      "type" : "integer",
      "list" : false,
      "variableType" : "PROMPT",
      "variableName" : "",
      "testValue" : "3",
      "required" : true,
      "parameterType" : "IN"
    } ]
  },
  "ViewProjects" : {
    "procedureString" : "EXEC dbo.ViewProjects @documentType= ?,@documentName= ?",
    "parameters" : [ {
      "name" : "documentType",
      "type" : "string",
      "list" : false,
      "variableType" : "PROMPT",
      "variableName" : "",
      "testValue" : "null",
      "required" : false,
      "parameterType" : "IN"
    }, {
      "name" : "documentName",
      "type" : "string",
      "list" : false,
      "variableType" : "PROMPT",
      "variableName" : "",
      "testValue" : "null",
      "required" : false,
      "parameterType" : "IN"
    } ]
  },
  "GetProjectDataInfo" : {
    "procedureString" : "EXEC dbo.GetProjectData @projectId= ?",
    "parameters" : [ {
      "name" : "projectId",
      "type" : "integer",
      "list" : false,
      "variableType" : "PROMPT",
      "variableName" : "",
      "testValue" : "3",
      "required" : true,
      "parameterType" : "IN"
    } ]
  },
  "CreateProject" : {
    "procedureString" : "EXEC dbo.CreateProject @contractName= ?",
    "parameters" : [ {
      "name" : "contractName",
      "type" : "string",
      "list" : false,
      "variableType" : "PROMPT",
      "variableName" : "",
      "testValue" : "contract2",
      "required" : true,
      "parameterType" : "IN"
    } ]
  },
  "GetProjectData" : {
    "procedureString" : "EXEC dbo.GetProjectData @projectId= ?",
    "parameters" : [ {
      "name" : "projectId",
      "type" : "integer",
      "list" : false,
      "variableType" : "PROMPT",
      "variableName" : "",
      "testValue" : "3",
      "required" : true,
      "parameterType" : "IN"
    } ]
  },
  "GetStatus" : {
    "procedureString" : "EXEC dbo.GetStatus @projectId= ?,@stepName= ?",
    "parameters" : [ {
      "name" : "projectId",
      "type" : "integer",
      "list" : false,
      "variableType" : "PROMPT",
      "variableName" : "",
      "testValue" : "3",
      "required" : true,
      "parameterType" : "IN"
    }, {
      "name" : "stepName",
      "type" : "string",
      "list" : false,
      "variableType" : "PROMPT",
      "variableName" : "",
      "testValue" : "Upload Document",
      "required" : true,
      "parameterType" : "IN"
    } ]
  }
}
