{
  "ClassificationStatus" : {
    "_id" : "wm-ClassificationStatus-wm.ServiceVariable-1639996111247",
    "name" : "ClassificationStatus",
    "owner" : "Page",
    "category" : "wm.ServiceVariable",
    "dataBinding" : [ {
      "target" : "csvFile",
      "value" : "bind:Widgets.fileupload1.selectedFiles",
      "type" : "file"
    }, {
      "target" : "documentId",
      "value" : "384fae42c80fb086b6afe3cd5d6e260a7ad586d9",
      "type" : "string"
    }, {
      "target" : "status",
      "value" : "ok",
      "type" : "string"
    } ],
    "type" : "string",
    "service" : "MLUtilService",
    "operation" : "ClassificationStatus",
    "operationId" : "MlutilController_ClassificationStatus",
    "operationType" : "post",
    "serviceType" : "JavaService",
    "dataSet" : [ ],
    "isList" : false,
    "maxResults" : 20,
    "onSuccess" : "ClassificationStatusonSuccess(variable, data, options)",
    "startUpdate" : false,
    "autoUpdate" : false,
    "inFlightBehavior" : "executeLast",
    "transformationRequired" : false,
    "saveInPhonegap" : false,
    "controller" : "Mlutil"
  },
  "ExtractionStatus" : {
    "_id" : "wm-ExtractionStatus-wm.ServiceVariable-1639986715907",
    "name" : "ExtractionStatus",
    "owner" : "Page",
    "category" : "wm.ServiceVariable",
    "dataBinding" : [ {
      "isList" : false,
      "target" : "String",
      "value" : "{ \"result\": {\"document_id\": \"384fae42c80fb086b6afe3cd5d6e260a7ad586d9\"}, \"errors\": \"\", \"elapsed\": \"elapsed\", \"args\": {\"contract_name\": \"contract\", \"document_name\": \"document\", \"document_type\":\"pdf\"} }"
    } ],
    "type" : "string",
    "service" : "MLUtilService",
    "operation" : "ExtractionStatus",
    "operationId" : "MlutilController_ExtractionStatus",
    "operationType" : "post",
    "serviceType" : "JavaService",
    "dataSet" : [ ],
    "isList" : false,
    "maxResults" : 20,
    "onSuccess" : "ExtractionStatusonSuccess(variable, data, options)",
    "startUpdate" : false,
    "autoUpdate" : false,
    "inFlightBehavior" : "executeLast",
    "transformationRequired" : false,
    "saveInPhonegap" : false,
    "controller" : "Mlutil"
  },
  "FileServiceUploadFile" : {
    "_id" : "wm-FileServiceUploadFile-wm.ServiceVariable-1639996058025",
    "name" : "FileServiceUploadFile",
    "owner" : "Page",
    "category" : "wm.ServiceVariable",
    "dataBinding" : [ {
      "target" : "files",
      "value" : "bind:Widgets.fileupload1.selectedFiles",
      "type" : "java.lang.String"
    } ],
    "type" : "com.truboardpartners.textutil.fileservice.FileService.FileUploadResponse",
    "service" : "FileService",
    "operation" : "uploadFile",
    "operationId" : "FileController_uploadFile",
    "serviceType" : "JavaService",
    "dataSet" : [ ],
    "isList" : false,
    "maxResults" : 20,
    "startUpdate" : false,
    "autoUpdate" : false,
    "inFlightBehavior" : "executeLast",
    "transformationRequired" : false,
    "saveInPhonegap" : false,
    "isDefault" : true,
    "controller" : "File"
  }
}